Index,Category
0,0
1,0
2,0
3,0
4,0
5,0
6,8
7,3
8,8
9,0
10,0
11,0
12,8
13,0
14,0
15,0
16,0
17,6
18,0
19,9
20,0
21,0
22,0
23,0
24,0
25,0
26,0
27,0
28,0
29,9
30,0
31,0
32,0
33,0
34,8
35,0
36,8
37,0
38,0
39,0
40,0
41,0
42,7
43,2
44,0
45,0
46,0
47,7
48,0
49,0
50,0
51,0
52,0
53,0
54,0
55,0
56,0
57,0
58,0
59,0
60,0
61,0
62,0
63,0
64,0
65,0
66,0
67,9
68,0
69,0
70,9
71,0
72,0
73,0
74,0
75,8
76,8
77,3
78,0
79,0
80,0
81,0
82,1
83,0
84,0
85,0
86,7
87,2
88,0
89,0
90,0
91,0
92,0
93,0
94,0
95,0
96,8
97,0
98,9
99,0
100,0
101,0
102,2
103,0
104,0
105,8
106,0
107,3
108,1
109,0
110,0
111,0
112,0
113,2
114,0
115,0
116,1
117,8
118,0
119,0
120,0
121,0
122,0
123,0
124,4
125,4
126,0
127,0
128,0
129,0
130,0
131,8
132,0
133,0
134,0
135,3
136,8
137,0
138,0
139,6
140,0
141,0
142,0
143,0
144,0
145,0
146,0
147,0
148,0
149,0
150,0
151,0
152,0
153,2
154,0
155,8
156,0
157,0
158,0
159,8
160,0
161,0
162,0
163,2
164,4
165,0
166,0
167,9
168,0
169,0
170,0
171,9
172,0
173,0
174,0
175,0
176,0
177,8
178,0
179,0
180,2
181,0
182,0
183,0
184,3
185,0
186,8
187,3
188,0
189,2
190,0
191,0
192,0
193,0
194,0
195,0
196,0
197,0
198,0
199,6
200,1
201,1
202,1
203,1
204,1
205,1
206,1
207,1
208,1
209,1
210,1
211,1
212,1
213,1
214,1
215,1
216,1
217,1
218,1
219,1
220,1
221,0
222,1
223,1
224,1
225,1
226,1
227,1
228,1
229,7
230,1
231,1
232,1
233,1
234,1
235,1
236,1
237,1
238,1
239,1
240,1
241,1
242,1
243,1
244,1
245,1
246,1
247,1
248,1
249,1
250,1
251,9
252,9
253,9
254,9
255,1
256,3
257,1
258,1
259,1
260,1
261,1
262,1
263,1
264,1
265,9
266,8
267,9
268,1
269,1
270,1
271,0
272,1
273,1
274,9
275,1
276,1
277,9
278,9
279,1
280,1
281,1
282,1
283,9
284,1
285,0
286,1
287,1
288,1
289,1
290,1
291,1
292,1
293,1
294,9
295,1
296,3
297,1
298,1
299,3
300,0
301,9
302,1
303,8
304,2
305,9
306,1
307,1
308,9
309,8
310,1
311,1
312,1
313,3
314,1
315,1
316,9
317,1
318,1
319,1
320,1
321,1
322,1
323,1
324,1
325,1
326,1
327,1
328,1
329,1
330,0
331,1
332,1
333,1
334,1
335,1
336,9
337,1
338,3
339,1
340,1
341,9
342,9
343,1
344,3
345,9
346,1
347,1
348,1
349,1
350,6
351,6
352,1
353,1
354,1
355,9
356,1
357,1
358,1
359,9
360,1
361,1
362,0
363,3
364,1
365,0
366,1
367,1
368,9
369,3
370,1
371,1
372,1
373,1
374,1
375,1
376,1
377,1
378,1
379,9
380,1
381,9
382,4
383,1
384,1
385,1
386,1
387,1
388,8
389,1
390,1
391,9
392,9
393,1
394,1
395,1
396,1
397,1
398,1
399,1
400,2
401,2
402,2
403,2
404,2
405,2
406,4
407,0
408,2
409,2
410,3
411,2
412,2
413,3
414,2
415,2
416,2
417,7
418,2
419,2
420,3
421,2
422,2
423,2
424,2
425,2
426,0
427,6
428,2
429,2
430,6
431,2
432,4
433,6
434,2
435,2
436,2
437,2
438,2
439,2
440,2
441,2
442,2
443,2
444,2
445,2
446,2
447,2
448,6
449,2
450,2
451,2
452,2
453,2
454,2
455,2
456,2
457,2
458,2
459,2
460,2
461,2
462,2
463,2
464,2
465,2
466,2
467,4
468,2
469,2
470,2
471,3
472,2
473,6
474,2
475,2
476,2
477,2
478,2
479,4
480,5
481,2
482,5
483,2
484,2
485,2
486,2
487,2
488,4
489,2
490,2
491,2
492,5
493,4
494,2
495,2
496,2
497,2
498,2
499,2
500,6
501,2
502,2
503,6
504,2
505,2
506,4
507,4
508,2
509,2
510,2
511,5
512,4
513,6
514,2
515,2
516,2
517,2
518,2
519,2
520,2
521,2
522,2
523,2
524,2
525,2
526,2
527,7
528,2
529,2
530,2
531,5
532,2
533,2
534,2
535,2
536,6
537,6
538,4
539,2
540,2
541,2
542,2
543,7
544,2
545,4
546,6
547,2
548,2
549,2
550,2
551,2
552,2
553,2
554,4
555,2
556,2
557,3
558,2
559,2
560,2
561,2
562,2
563,2
564,2
565,2
566,2
567,2
568,2
569,2
570,4
571,7
572,2
573,2
574,2
575,0
576,2
577,2
578,2
579,2
580,2
581,3
582,2
583,4
584,2
585,2
586,2
587,2
588,2
589,6
590,2
591,2
592,3
593,2
594,2
595,2
596,2
597,2
598,9
599,2
600,5
601,2
602,5
603,1
604,3
605,6
606,3
607,3
608,3
609,3
610,3
611,2
612,3
613,3
614,3
615,3
616,3
617,3
618,3
619,5
620,8
621,3
622,3
623,3
624,3
625,3
626,3
627,3
628,3
629,3
630,4
631,3
632,3
633,3
634,3
635,3
636,3
637,3
638,3
639,3
640,3
641,4
642,3
643,3
644,2
645,9
646,3
647,9
648,3
649,3
650,3
651,3
652,3
653,3
654,3
655,3
656,5
657,5
658,3
659,3
660,3
661,3
662,3
663,3
664,3
665,3
666,3
667,3
668,4
669,3
670,3
671,4
672,3
673,3
674,3
675,3
676,3
677,3
678,2
679,2
680,7
681,1
682,3
683,3
684,3
685,5
686,2
687,3
688,2
689,3
690,3
691,6
692,3
693,3
694,3
695,3
696,3
697,3
698,3
699,4
700,3
701,3
702,8
703,3
704,4
705,6
706,7
707,3
708,6
709,3
710,3
711,3
712,5
713,3
714,3
715,3
716,3
717,3
718,6
719,3
720,2
721,3
722,5
723,3
724,7
725,3
726,2
727,3
728,7
729,3
730,5
731,3
732,8
733,2
734,3
735,3
736,3
737,4
738,3
739,6
740,3
741,3
742,3
743,7
744,7
745,3
746,3
747,3
748,4
749,3
750,3
751,3
752,3
753,5
754,3
755,5
756,3
757,5
758,3
759,3
760,3
761,3
762,3
763,3
764,3
765,3
766,5
767,2
768,3
769,3
770,3
771,3
772,4
773,3
774,2
775,5
776,3
777,3
778,3
779,3
780,3
781,3
782,3
783,5
784,3
785,3
786,3
787,5
788,3
789,3
790,3
791,5
792,3
793,3
794,0
795,3
796,3
797,3
798,3
799,5
800,4
801,4
802,4
803,4
804,4
805,4
806,4
807,4
808,4
809,4
810,7
811,4
812,4
813,4
814,4
815,4
816,4
817,4
818,4
819,4
820,3
821,4
822,4
823,3
824,4
825,4
826,4
827,3
828,4
829,4
830,4
831,4
832,4
833,4
834,4
835,4
836,4
837,4
838,5
839,4
840,4
841,2
842,4
843,4
844,4
845,4
846,4
847,4
848,4
849,4
850,4
851,4
852,2
853,4
854,4
855,4
856,4
857,4
858,4
859,4
860,4
861,6
862,4
863,4
864,6
865,4
866,4
867,4
868,4
869,4
870,4
871,4
872,5
873,2
874,4
875,4
876,4
877,4
878,4
879,4
880,4
881,4
882,4
883,4
884,4
885,4
886,4
887,4
888,4
889,4
890,0
891,2
892,4
893,4
894,4
895,4
896,4
897,4
898,4
899,4
900,5
901,4
902,4
903,5
904,4
905,4
906,4
907,4
908,3
909,4
910,6
911,4
912,3
913,4
914,4
915,2
916,4
917,4
918,4
919,4
920,4
921,4
922,4
923,4
924,4
925,4
926,7
927,4
928,4
929,4
930,4
931,4
932,4
933,4
934,4
935,4
936,5
937,4
938,4
939,4
940,4
941,4
942,7
943,4
944,4
945,4
946,4
947,4
948,4
949,4
950,4
951,4
952,0
953,4
954,4
955,4
956,4
957,4
958,4
959,4
960,4
961,4
962,4
963,4
964,4
965,4
966,4
967,4
968,4
969,4
970,4
971,4
972,4
973,4
974,4
975,4
976,4
977,4
978,4
979,4
980,2
981,4
982,4
983,4
984,2
985,4
986,4
987,3
988,4
989,4
990,4
991,4
992,4
993,2
994,4
995,4
996,3
997,4
998,4
999,4
1000,5
1001,5
1002,5
1003,5
1004,5
1005,5
1006,5
1007,5
1008,5
1009,5
1010,5
1011,5
1012,5
1013,5
1014,5
1015,5
1016,5
1017,5
1018,7
1019,5
1020,5
1021,5
1022,5
1023,7
1024,5
1025,5
1026,5
1027,5
1028,5
1029,5
1030,5
1031,5
1032,5
1033,5
1034,9
1035,5
1036,5
1037,5
1038,5
1039,2
1040,5
1041,5
1042,5
1043,5
1044,5
1045,3
1046,5
1047,2
1048,5
1049,5
1050,5
1051,5
1052,3
1053,5
1054,5
1055,5
1056,4
1057,5
1058,5
1059,7
1060,3
1061,5
1062,5
1063,5
1064,5
1065,5
1066,5
1067,3
1068,3
1069,5
1070,5
1071,5
1072,4
1073,5
1074,5
1075,3
1076,4
1077,5
1078,5
1079,4
1080,4
1081,9
1082,5
1083,5
1084,3
1085,5
1086,3
1087,7
1088,7
1089,5
1090,5
1091,5
1092,5
1093,5
1094,3
1095,5
1096,5
1097,5
1098,5
1099,5
1100,5
1101,3
1102,5
1103,5
1104,5
1105,5
1106,3
1107,5
1108,5
1109,5
1110,5
1111,5
1112,5
1113,3
1114,5
1115,3
1116,5
1117,7
1118,5
1119,3
1120,5
1121,2
1122,2
1123,2
1124,5
1125,5
1126,3
1127,5
1128,5
1129,5
1130,5
1131,5
1132,4
1133,7
1134,3
1135,5
1136,5
1137,5
1138,5
1139,3
1140,5
1141,5
1142,5
1143,5
1144,5
1145,5
1146,5
1147,5
1148,3
1149,5
1150,5
1151,5
1152,5
1153,5
1154,5
1155,3
1156,5
1157,5
1158,5
1159,3
1160,5
1161,5
1162,4
1163,5
1164,7
1165,9
1166,4
1167,5
1168,5
1169,5
1170,5
1171,5
1172,7
1173,5
1174,3
1175,3
1176,2
1177,5
1178,5
1179,5
1180,3
1181,3
1182,5
1183,7
1184,3
1185,5
1186,5
1187,5
1188,0
1189,5
1190,5
1191,5
1192,5
1193,5
1194,5
1195,5
1196,5
1197,5
1198,3
1199,5
1200,9
1201,6
1202,6
1203,4
1204,6
1205,6
1206,6
1207,6
1208,6
1209,6
1210,6
1211,6
1212,6
1213,6
1214,6
1215,9
1216,6
1217,3
1218,1
1219,5
1220,6
1221,6
1222,6
1223,4
1224,6
1225,5
1226,6
1227,6
1228,3
1229,6
1230,6
1231,6
1232,6
1233,6
1234,6
1235,6
1236,6
1237,2
1238,6
1239,6
1240,6
1241,8
1242,6
1243,6
1244,6
1245,6
1246,6
1247,6
1248,6
1249,6
1250,6
1251,9
1252,6
1253,3
1254,6
1255,6
1256,3
1257,6
1258,6
1259,6
1260,6
1261,6
1262,6
1263,6
1264,4
1265,8
1266,6
1267,2
1268,6
1269,6
1270,6
1271,6
1272,6
1273,6
1274,6
1275,6
1276,6
1277,6
1278,6
1279,6
1280,6
1281,6
1282,6
1283,6
1284,6
1285,6
1286,6
1287,6
1288,3
1289,6
1290,6
1291,3
1292,6
1293,6
1294,6
1295,6
1296,3
1297,5
1298,6
1299,6
1300,6
1301,6
1302,6
1303,6
1304,2
1305,6
1306,6
1307,6
1308,6
1309,6
1310,6
1311,8
1312,6
1313,6
1314,6
1315,2
1316,3
1317,6
1318,6
1319,6
1320,6
1321,6
1322,6
1323,6
1324,6
1325,6
1326,1
1327,6
1328,6
1329,6
1330,6
1331,6
1332,2
1333,6
1334,6
1335,6
1336,6
1337,6
1338,6
1339,0
1340,6
1341,6
1342,6
1343,6
1344,4
1345,6
1346,3
1347,6
1348,6
1349,3
1350,6
1351,2
1352,6
1353,6
1354,6
1355,6
1356,6
1357,6
1358,6
1359,6
1360,6
1361,6
1362,6
1363,6
1364,6
1365,6
1366,6
1367,0
1368,6
1369,6
1370,6
1371,6
1372,6
1373,6
1374,6
1375,6
1376,6
1377,6
1378,6
1379,6
1380,6
1381,6
1382,6
1383,6
1384,6
1385,6
1386,6
1387,7
1388,6
1389,6
1390,9
1391,8
1392,6
1393,6
1394,6
1395,4
1396,6
1397,6
1398,6
1399,6
1400,4
1401,7
1402,7
1403,7
1404,7
1405,7
1406,9
1407,7
1408,7
1409,7
1410,4
1411,7
1412,6
1413,7
1414,7
1415,7
1416,7
1417,7
1418,7
1419,5
1420,2
1421,7
1422,7
1423,7
1424,7
1425,7
1426,7
1427,7
1428,7
1429,7
1430,7
1431,7
1432,7
1433,0
1434,7
1435,0
1436,7
1437,7
1438,4
1439,7
1440,7
1441,3
1442,7
1443,7
1444,7
1445,7
1446,7
1447,7
1448,7
1449,7
1450,5
1451,7
1452,7
1453,7
1454,7
1455,7
1456,7
1457,7
1458,7
1459,7
1460,7
1461,7
1462,7
1463,7
1464,7
1465,7
1466,7
1467,7
1468,7
1469,7
1470,7
1471,7
1472,7
1473,7
1474,7
1475,7
1476,7
1477,7
1478,7
1479,7
1480,7
1481,7
1482,7
1483,7
1484,7
1485,7
1486,9
1487,7
1488,4
1489,7
1490,7
1491,7
1492,7
1493,7
1494,7
1495,7
1496,7
1497,7
1498,7
1499,7
1500,7
1501,7
1502,4
1503,7
1504,7
1505,7
1506,7
1507,7
1508,7
1509,7
1510,7
1511,4
1512,7
1513,7
1514,2
1515,0
1516,7
1517,7
1518,7
1519,7
1520,7
1521,7
1522,7
1523,7
1524,7
1525,7
1526,7
1527,7
1528,3
1529,2
1530,7
1531,7
1532,7
1533,7
1534,7
1535,7
1536,3
1537,7
1538,7
1539,7
1540,5
1541,7
1542,7
1543,7
1544,7
1545,7
1546,7
1547,7
1548,7
1549,7
1550,7
1551,7
1552,7
1553,7
1554,7
1555,7
1556,7
1557,7
1558,7
1559,7
1560,7
1561,7
1562,7
1563,2
1564,7
1565,7
1566,7
1567,7
1568,7
1569,7
1570,7
1571,7
1572,7
1573,7
1574,7
1575,0
1576,7
1577,7
1578,7
1579,7
1580,7
1581,7
1582,7
1583,7
1584,7
1585,5
1586,5
1587,7
1588,7
1589,7
1590,7
1591,7
1592,4
1593,7
1594,7
1595,7
1596,7
1597,7
1598,7
1599,7
1600,8
1601,8
1602,8
1603,8
1604,8
1605,8
1606,8
1607,8
1608,8
1609,8
1610,8
1611,8
1612,8
1613,8
1614,8
1615,8
1616,8
1617,8
1618,3
1619,8
1620,8
1621,0
1622,8
1623,1
1624,8
1625,4
1626,8
1627,1
1628,8
1629,1
1630,8
1631,2
1632,8
1633,8
1634,8
1635,8
1636,8
1637,8
1638,8
1639,0
1640,2
1641,8
1642,8
1643,8
1644,8
1645,8
1646,8
1647,8
1648,8
1649,8
1650,8
1651,8
1652,3
1653,8
1654,8
1655,8
1656,8
1657,2
1658,8
1659,8
1660,0
1661,8
1662,8
1663,8
1664,8
1665,8
1666,8
1667,8
1668,8
1669,8
1670,1
1671,8
1672,8
1673,8
1674,8
1675,8
1676,8
1677,0
1678,1
1679,8
1680,8
1681,8
1682,8
1683,0
1684,8
1685,8
1686,8
1687,8
1688,8
1689,8
1690,8
1691,8
1692,8
1693,8
1694,8
1695,8
1696,8
1697,8
1698,8
1699,8
1700,8
1701,1
1702,8
1703,0
1704,8
1705,8
1706,8
1707,8
1708,8
1709,8
1710,8
1711,0
1712,8
1713,8
1714,1
1715,8
1716,8
1717,8
1718,0
1719,8
1720,8
1721,8
1722,8
1723,8
1724,8
1725,8
1726,8
1727,8
1728,8
1729,1
1730,8
1731,9
1732,8
1733,8
1734,8
1735,8
1736,8
1737,8
1738,8
1739,8
1740,8
1741,4
1742,8
1743,8
1744,9
1745,8
1746,8
1747,8
1748,9
1749,8
1750,8
1751,8
1752,8
1753,0
1754,8
1755,1
1756,8
1757,8
1758,8
1759,8
1760,8
1761,9
1762,8
1763,2
1764,9
1765,9
1766,8
1767,8
1768,8
1769,8
1770,0
1771,8
1772,8
1773,8
1774,8
1775,8
1776,8
1777,8
1778,8
1779,8
1780,8
1781,8
1782,8
1783,8
1784,8
1785,8
1786,1
1787,8
1788,8
1789,0
1790,8
1791,8
1792,8
1793,3
1794,8
1795,8
1796,0
1797,8
1798,8
1799,8
1800,9
1801,9
1802,9
1803,9
1804,9
1805,9
1806,9
1807,9
1808,9
1809,7
1810,9
1811,5
1812,9
1813,1
1814,1
1815,9
1816,9
1817,9
1818,9
1819,9
1820,9
1821,1
1822,9
1823,9
1824,9
1825,9
1826,9
1827,9
1828,9
1829,9
1830,9
1831,0
1832,9
1833,9
1834,9
1835,9
1836,9
1837,9
1838,9
1839,9
1840,9
1841,8
1842,9
1843,9
1844,9
1845,9
1846,9
1847,9
1848,9
1849,9
1850,9
1851,9
1852,9
1853,9
1854,1
1855,9
1856,9
1857,9
1858,9
1859,9
1860,9
1861,9
1862,9
1863,9
1864,9
1865,9
1866,9
1867,9
1868,9
1869,9
1870,9
1871,9
1872,0
1873,9
1874,9
1875,9
1876,9
1877,9
1878,9
1879,9
1880,9
1881,9
1882,9
1883,9
1884,9
1885,9
1886,9
1887,9
1888,9
1889,9
1890,9
1891,9
1892,9
1893,9
1894,9
1895,9
1896,9
1897,9
1898,9
1899,9
1900,9
1901,9
1902,9
1903,1
1904,9
1905,9
1906,9
1907,9
1908,9
1909,9
1910,9
1911,9
1912,9
1913,9
1914,9
1915,9
1916,9
1917,9
1918,9
1919,9
1920,9
1921,9
1922,9
1923,9
1924,9
1925,9
1926,9
1927,9
1928,9
1929,9
1930,9
1931,9
1932,9
1933,9
1934,1
1935,9
1936,9
1937,9
1938,9
1939,9
1940,9
1941,9
1942,0
1943,9
1944,9
1945,9
1946,9
1947,0
1948,9
1949,9
1950,9
1951,9
1952,0
1953,9
1954,9
1955,9
1956,9
1957,9
1958,9
1959,9
1960,9
1961,1
1962,9
1963,9
1964,9
1965,1
1966,9
1967,9
1968,9
1969,1
1970,9
1971,9
1972,9
1973,1
1974,9
1975,1
1976,9
1977,9
1978,9
1979,9
1980,9
1981,9
1982,9
1983,9
1984,9
1985,9
1986,9
1987,0
1988,9
1989,9
1990,9
1991,0
1992,9
1993,9
1994,1
1995,9
1996,9
1997,9
1998,9
1999,9
2000,3
2001,8
2002,8
2003,0
2004,6
2005,6
2006,1
2007,6
2008,3
2009,1
2010,0
2011,9
2012,5
2013,7
2014,9
2015,0
2016,5
2017,7
2018,8
2019,6
2020,7
2021,0
2022,4
2023,9
2024,5
2025,5
2026,3
2027,0
2028,9
2029,6
2030,6
2031,5
2032,4
2033,5
2034,9
2035,8
2036,4
2037,9
2038,9
2039,5
2040,4
2041,6
2042,5
2043,6
2044,0
2045,9
2046,3
2047,8
2048,7
2049,6
2050,9
2051,8
2052,2
2053,3
2054,8
2055,8
2056,7
2057,7
2058,7
2059,5
2060,7
2061,5
2062,6
2063,3
2064,6
2065,2
2066,1
2067,2
2068,3
2069,7
2070,2
2071,6
2072,8
2073,8
2074,0
2075,2
2076,9
2077,3
2078,5
2079,8
2080,8
2081,1
2082,1
2083,7
2084,2
2085,5
2086,2
2087,7
2088,8
2089,9
2090,0
2091,3
2092,8
2093,6
2094,4
2095,6
2096,6
2097,0
2098,0
2099,7
2100,4
2101,5
2102,6
2103,3
2104,1
2105,1
2106,3
2107,6
2108,8
2109,7
2110,4
2111,0
2112,6
2113,2
2114,1
2115,3
2116,0
2117,4
2118,2
2119,7
2120,8
2121,3
2122,1
2123,2
2124,8
2125,0
2126,8
2127,3
2128,5
2129,2
2130,4
2131,1
2132,8
2133,9
2134,1
2135,2
2136,9
2137,7
2138,2
2139,9
2140,6
2141,5
2142,6
2143,3
2144,8
2145,7
2146,6
2147,6
2148,5
2149,2
2150,8
2151,9
2152,6
2153,0
2154,0
2155,5
2156,2
2157,9
2158,5
2159,4
2160,2
2161,1
2162,6
2163,6
2164,0
2165,2
2166,8
2167,4
2168,5
2169,0
2170,9
2171,9
2172,9
2173,8
2174,9
2175,9
2176,3
2177,7
2178,5
2179,0
2180,0
2181,5
2182,2
2183,2
2184,3
2185,8
2186,6
2187,3
2188,4
2189,8
2190,5
2191,8
2192,0
2193,1
2194,7
2195,7
2196,8
2197,8
2198,7
2199,8
2200,5
2201,0
2202,8
2203,7
2204,1
2205,3
2206,0
2207,5
2208,7
2209,9
2210,5
2211,0
2212,5
2213,8
2214,8
2215,0
2216,7
2217,9
2218,8
2219,2
2220,7
2221,6
2222,9
2223,4
2224,4
2225,9
2226,0
2227,4
2228,5
2229,2
2230,5
2231,1
2232,7
2233,8
2234,8
2235,0
2236,4
2237,0
2238,5
2239,5
2240,1
2241,1
2242,8
2243,9
2244,0
2245,3
2246,1
2247,9
2248,2
2249,2
2250,5
2251,3
2252,9
2253,9
2254,4
2255,0
2256,3
2257,0
2258,0
2259,1
2260,8
2261,1
2262,5
2263,5
2264,8
2265,8
2266,2
2267,4
2268,7
2269,0
2270,2
2271,5
2272,6
2273,3
2274,8
2275,5
2276,0
2277,5
2278,4
2279,3
2280,9
2281,0
2282,6
2283,1
2284,0
2285,9
2286,1
2287,0
2288,7
2289,9
2290,1
2291,2
2292,6
2293,1
2294,3
2295,4
2296,6
2297,0
2298,0
2299,6
2300,6
2301,6
2302,5
2303,2
2304,6
2305,1
2306,8
2307,2
2308,1
2309,2
2310,8
2311,6
2312,8
2313,0
2314,4
2315,0
2316,7
2317,7
2318,5
2319,5
2320,3
2321,5
2322,2
2323,3
2324,4
2325,1
2326,7
2327,5
2328,4
2329,6
2330,1
2331,9
2332,3
2333,6
2334,6
2335,9
2336,3
2337,8
2338,0
2339,7
2340,2
2341,6
2342,2
2343,5
2344,8
2345,5
2346,4
2347,6
2348,8
2349,9
2350,9
2351,1
2352,0
2353,2
2354,2
2355,2
2356,5
2357,2
2358,8
2359,0
2360,9
2361,5
2362,8
2363,1
2364,9
2365,4
2366,1
2367,3
2368,8
2369,1
2370,4
2371,7
2372,9
2373,4
2374,2
2375,7
2376,0
2377,7
2378,2
2379,6
2380,6
2381,9
2382,0
2383,9
2384,5
2385,0
2386,7
2387,2
2388,2
2389,5
2390,1
2391,2
2392,6
2393,2
2394,9
2395,6
2396,2
2397,3
2398,0
2399,3
2400,9
2401,8
2402,7
2403,8
2404,8
2405,2
2406,0
2407,1
2408,8
2409,2
2410,7
2411,9
2412,5
2413,6
2414,1
2415,9
2416,0
2417,7
2418,5
2419,7
2420,4
2421,5
2422,0
2423,0
2424,2
2425,9
2426,6
2427,4
2428,0
2429,6
2430,4
2431,5
2432,3
2433,7
2434,9
2435,7
2436,2
2437,5
2438,3
2439,9
2440,1
2441,4
2442,9
2443,9
2444,5
2445,7
2446,5
2447,0
2448,2
2449,2
2450,2
2451,9
2452,7
2453,3
2454,9
2455,4
2456,4
2457,5
2458,4
2459,6
2460,5
2461,6
2462,1
2463,4
2464,7
2465,4
2466,4
2467,3
2468,7
2469,8
2470,5
2471,7
2472,8
2473,0
2474,5
2475,7
2476,5
2477,0
2478,5
2479,4
2480,8
2481,6
2482,8
2483,5
2484,5
2485,0
2486,9
2487,9
2488,4
2489,0
2490,1
2491,0
2492,8
2493,1
2494,1
2495,8
2496,0
2497,2
2498,2
2499,0
2500,4
2501,6
2502,5
2503,4
2504,9
2505,4
2506,7
2507,9
2508,9
2509,4
2510,5
2511,6
2512,6
2513,1
2514,5
2515,3
2516,8
2517,9
2518,5
2519,8
2520,5
2521,7
2522,0
2523,7
2524,0
2525,5
2526,0
2527,0
2528,4
2529,6
2530,9
2531,0
2532,9
2533,5
2534,6
2535,6
2536,6
2537,2
2538,9
2539,0
2540,1
2541,7
2542,6
2543,7
2544,5
2545,9
2546,1
2547,6
2548,2
2549,5
2550,5
2551,7
2552,8
2553,5
2554,9
2555,4
2556,6
2557,4
2558,3
2559,2
2560,0
2561,7
2562,3
2563,2
2564,2
2565,3
2566,9
2567,7
2568,9
2569,2
2570,5
2571,7
2572,1
2573,3
2574,6
2575,6
2576,8
2577,9
2578,7
2579,5
2580,4
2581,0
2582,8
2583,4
2584,0
2585,9
2586,3
2587,4
2588,8
2589,9
2590,6
2591,9
2592,2
2593,6
2594,1
2595,4
2596,7
2597,3
2598,3
2599,3
2600,8
2601,5
2602,0
2603,2
2604,1
2605,6
2606,4
2607,3
2608,3
2609,9
2610,6
2611,9
2612,8
2613,8
2614,5
2615,8
2616,6
2617,6
2618,2
2619,1
2620,7
2621,4
2622,1
2623,2
2624,7
2625,9
2626,9
2627,4
2628,4
2629,1
2630,2
2631,5
2632,6
2633,8
2634,7
2635,3
2636,8
2637,3
2638,0
2639,5
2640,3
2641,3
2642,0
2643,7
2644,9
2645,1
2646,3
2647,4
2648,4
2649,5
2650,3
2651,9
2652,5
2653,6
2654,9
2655,4
2656,1
2657,1
2658,4
2659,1
2660,9
2661,4
2662,7
2663,6
2664,3
2665,0
2666,9
2667,0
2668,1
2669,3
2670,6
2671,3
2672,6
2673,3
2674,2
2675,8
2676,3
2677,1
2678,0
2679,5
2680,9
2681,6
2682,4
2683,0
2684,9
2685,6
2686,9
2687,6
2688,3
2689,3
2690,3
2691,2
2692,2
2693,7
2694,8
2695,3
2696,8
2697,2
2698,7
2699,7
2700,7
2701,2
2702,4
2703,8
2704,7
2705,4
2706,2
2707,9
2708,8
2709,8
2710,6
2711,0
2712,8
2713,7
2714,4
2715,5
2716,3
2717,8
2718,4
2719,9
2720,4
2721,8
2722,8
2723,1
2724,8
2725,0
2726,1
2727,7
2728,6
2729,5
2730,4
2731,2
2732,7
2733,9
2734,8
2735,4
2736,1
2737,4
2738,1
2739,5
2740,2
2741,7
2742,0
2743,7
2744,9
2745,7
2746,6
2747,6
2748,2
2749,3
2750,9
2751,2
2752,9
2753,1
2754,2
2755,2
2756,6
2757,8
2758,2
2759,1
2760,3
2761,6
2762,6
2763,0
2764,1
2765,2
2766,7
2767,9
2768,5
2769,4
2770,0
2771,8
2772,6
2773,4
2774,0
2775,4
2776,5
2777,6
2778,0
2779,6
2780,9
2781,1
2782,7
2783,6
2784,7
2785,0
2786,3
2787,9
2788,6
2789,8
2790,3
2791,0
2792,7
2793,5
2794,7
2795,7
2796,1
2797,4
2798,7
2799,4
2800,7
2801,1
2802,4
2803,7
2804,4
2805,4
2806,8
2807,4
2808,7
2809,7
2810,2
2811,5
2812,7
2813,2
2814,0
2815,8
2816,9
2817,5
2818,8
2819,3
2820,6
2821,2
2822,0
2823,8
2824,7
2825,3
2826,7
2827,6
2828,5
2829,3
2830,1
2831,3
2832,2
2833,2
2834,5
2835,4
2836,1
2837,2
2838,9
2839,2
2840,7
2841,0
2842,7
2843,2
2844,1
2845,3
2846,2
2847,0
2848,2
2849,4
2850,5
2851,9
2852,8
2853,9
2854,0
2855,7
2856,7
2857,0
2858,7
2859,8
2860,4
2861,6
2862,2
2863,3
2864,0
2865,1
2866,1
2867,7
2868,0
2869,1
2870,3
2871,1
2872,4
2873,2
2874,3
2875,8
2876,4
2877,2
2878,3
2879,7
2880,8
2881,4
2882,2
2883,0
2884,9
2885,0
2886,0
2887,1
2888,8
2889,6
2890,4
2891,6
2892,7
2893,3
2894,1
2895,1
2896,3
2897,7
2898,7
2899,5
2900,2
2901,6
2902,6
2903,5
2904,8
2905,7
2906,1
2907,6
2908,8
2909,8
2910,7
2911,3
2912,3
2913,4
2914,0
2915,1
2916,4
2917,8
2918,8
2919,0
2920,6
2921,9
2922,9
2923,9
2924,7
2925,3
2926,8
2927,6
2928,0
2929,0
2930,4
2931,2
2932,3
2933,7
2934,7
2935,2
2936,2
2937,5
2938,9
2939,8
2940,9
2941,1
2942,7
2943,4
2944,0
2945,3
2946,0
2947,1
2948,3
2949,8
2950,3
2951,9
2952,6
2953,1
2954,4
2955,7
2956,0
2957,3
2958,7
2959,8
2960,9
2961,1
2962,1
2963,6
2964,6
2965,6
2966,9
2967,9
2968,1
2969,9
2970,9
2971,4
2972,5
2973,1
2974,7
2975,0
2976,6
2977,8
2978,1
2979,9
2980,2
2981,9
2982,3
2983,4
2984,7
2985,8
2986,3
2987,1
2988,2
2989,0
2990,1
2991,5
2992,8
2993,4
2994,4
2995,5
2996,8
2997,9
2998,3
2999,8
3000,5
3001,8
3002,8
3003,4
3004,8
3005,1
3006,1
3007,8
3008,9
3009,6
3010,0
3011,8
3012,6
3013,1
3014,3
3015,4
3016,1
3017,6
3018,0
3019,3
3020,1
3021,1
3022,0
3023,0
3024,3
3025,5
3026,6
3027,0
3028,6
3029,6
3030,3
3031,5
3032,2
3033,3
3034,6
3035,3
3036,0
3037,7
3038,2
3039,2
3040,5
3041,5
3042,3
3043,2
3044,8
3045,5
3046,2
3047,1
3048,1
3049,1
3050,0
3051,2
3052,0
3053,3
3054,1
3055,5
3056,3
3057,7
3058,6
3059,8
3060,9
3061,1
3062,6
3063,4
3064,9
3065,3
3066,9
3067,0
3068,9
3069,6
3070,3
3071,6
3072,8
3073,7
3074,6
3075,8
3076,0
3077,0
3078,0
3079,6
3080,6
3081,6
3082,9
3083,2
3084,5
3085,4
3086,4
3087,6
3088,3
3089,6
3090,0
3091,8
3092,6
3093,0
3094,6
3095,2
3096,7
3097,5
3098,1
3099,2
3100,7
3101,8
3102,8
3103,0
3104,9
3105,4
3106,9
3107,7
3108,2
3109,0
3110,2
3111,8
3112,3
3113,8
3114,9
3115,1
3116,5
3117,5
3118,7
3119,7
3120,5
3121,5
3122,8
3123,3
3124,3
3125,6
3126,2
3127,8
3128,4
3129,6
3130,0
3131,9
3132,2
3133,4
3134,1
3135,6
3136,9
3137,9
3138,3
3139,8
3140,6
3141,1
3142,8
3143,6
3144,1
3145,4
3146,2
3147,9
3148,2
3149,7
3150,7
3151,2
3152,0
3153,8
3154,6
3155,9
3156,1
3157,7
3158,1
3159,8
3160,8
3161,0
3162,7
3163,7
3164,8
3165,0
3166,3
3167,3
3168,3
3169,7
3170,7
3171,9
3172,7
3173,3
3174,1
3175,9
3176,1
3177,1
3178,6
3179,3
3180,3
3181,3
3182,1
3183,0
3184,6
3185,1
3186,4
3187,1
3188,0
3189,0
3190,1
3191,1
3192,6
3193,2
3194,4
3195,6
3196,2
3197,0
3198,7
3199,9
3200,8
3201,7
3202,2
3203,0
3204,6
3205,8
3206,1
3207,4
3208,3
3209,7
3210,0
3211,6
3212,1
3213,8
3214,5
3215,7
3216,8
3217,4
3218,8
3219,3
3220,9
3221,9
3222,1
3223,8
3224,7
3225,6
3226,6
3227,5
3228,5
3229,1
3230,5
3231,9
3232,1
3233,4
3234,1
3235,5
3236,5
3237,0
3238,1
3239,5
3240,2
3241,0
3242,8
3243,8
3244,5
3245,6
3246,7
3247,5
3248,2
3249,4
3250,7
3251,2
3252,5
3253,8
3254,2
3255,4
3256,9
3257,2
3258,1
3259,8
3260,1
3261,9
3262,8
3263,8
3264,8
3265,1
3266,0
3267,4
3268,3
3269,3
3270,1
3271,8
3272,7
3273,6
3274,3
3275,3
3276,5
3277,6
3278,2
3279,8
3280,3
3281,8
3282,9
3283,5
3284,8
3285,9
3286,8
3287,9
3288,1
3289,9
3290,5
3291,9
3292,4
3293,7
3294,8
3295,0
3296,7
3297,2
3298,9
3299,7
3300,4
3301,1
3302,6
3303,4
3304,3
3305,9
3306,1
3307,2
3308,5
3309,6
3310,0
3311,8
3312,6
3313,1
3314,9
3315,4
3316,5
3317,9
3318,5
3319,0
3320,7
3321,2
3322,0
3323,0
3324,4
3325,4
3326,6
3327,6
3328,5
3329,5
3330,2
3331,8
3332,1
3333,7
3334,2
3335,1
3336,4
3337,5
3338,6
3339,5
3340,1
3341,4
3342,7
3343,0
3344,9
3345,4
3346,9
3347,8
3348,2
3349,8
3350,4
3351,7
3352,2
3353,5
3354,1
3355,3
3356,2
3357,9
3358,8
3359,9
3360,7
3361,9
3362,5
3363,1
3364,4
3365,0
3366,8
3367,2
3368,3
3369,8
3370,9
3371,1
3372,1
3373,7
3374,2
3375,4
3376,9
3377,3
3378,1
3379,7
3380,4
3381,6
3382,2
3383,8
3384,9
3385,5
3386,3
3387,9
3388,5
3389,5
3390,6
3391,3
3392,2
3393,2
3394,6
3395,3
3396,1
3397,0
3398,7
3399,2
3400,5
3401,4
3402,7
3403,6
3404,1
3405,1
3406,9
3407,8
3408,1
3409,0
3410,1
3411,3
3412,1
3413,1
3414,1
3415,7
3416,3
3417,9
3418,6
3419,8
3420,4
3421,6
3422,0
3423,4
3424,9
3425,4
3426,7
3427,9
3428,7
3429,2
3430,8
3431,4
3432,9
3433,7
3434,0
3435,1
3436,6
3437,1
3438,5
3439,9
3440,0
3441,4
3442,5
3443,3
3444,1
3445,4
3446,0
3447,8
3448,4
3449,6
3450,2
3451,2
3452,6
3453,3
3454,3
3455,6
3456,7
3457,1
3458,1
3459,8
3460,6
3461,0
3462,4
3463,0
3464,1
3465,9
3466,7
3467,1
3468,3
3469,7
3470,7
3471,8
3472,7
3473,7
3474,3
3475,9
3476,7
3477,7
3478,7
3479,2
3480,9
3481,2
3482,8
3483,6
3484,4
3485,0
3486,7
3487,9
3488,8
3489,6
3490,8
3491,4
3492,1
3493,1
3494,7
3495,0
3496,2
3497,8
3498,5
3499,8
3500,1
3501,2
3502,2
3503,4
3504,1
3505,2
3506,7
3507,2
3508,8
3509,1
3510,8
3511,1
3512,8
3513,6
3514,0
3515,2
3516,4
3517,1
3518,3
3519,6
3520,7
3521,7
3522,4
3523,4
3524,3
3525,3
3526,4
3527,5
3528,2
3529,4
3530,3
3531,7
3532,8
3533,4
3534,4
3535,4
3536,3
3537,4
3538,3
3539,2
3540,8
3541,4
3542,5
3543,5
3544,4
3545,1
3546,4
3547,2
3548,5
3549,1
3550,6
3551,4
3552,5
3553,4
3554,4
3555,0
3556,8
3557,8
3558,4
3559,5
3560,7
3561,3
3562,6
3563,9
3564,1
3565,6
3566,7
3567,2
3568,0
3569,1
3570,7
3571,7
3572,6
3573,0
3574,0
3575,2
3576,7
3577,4
3578,6
3579,0
3580,2
3581,7
3582,9
3583,1
3584,7
3585,7
3586,5
3587,2
3588,5
3589,6
3590,4
3591,1
3592,4
3593,3
3594,3
3595,3
3596,0
3597,3
3598,5
3599,5
3600,8
3601,9
3602,7
3603,3
3604,1
3605,3
3606,5
3607,3
3608,4
3609,4
3610,4
3611,3
3612,3
3613,1
3614,1
3615,7
3616,7
3617,0
3618,7
3619,4
3620,3
3621,1
3622,4
3623,2
3624,4
3625,7
3626,9
3627,9
3628,4
3629,9
3630,9
3631,1
3632,8
3633,1
3634,6
3635,7
3636,5
3637,5
3638,4
3639,9
3640,5
3641,6
3642,5
3643,9
3644,4
3645,4
3646,0
3647,7
3648,8
3649,2
3650,5
3651,0
3652,0
3653,9
3654,9
3655,8
3656,2
3657,5
3658,4
3659,8
3660,3
3661,6
3662,3
3663,6
3664,0
3665,6
3666,2
3667,6
3668,9
3669,6
3670,6
3671,8
3672,6
3673,2
3674,4
3675,2
3676,8
3677,1
3678,2
3679,7
3680,6
3681,5
3682,7
3683,8
3684,8
3685,2
3686,0
3687,8
3688,6
3689,9
3690,4
3691,8
3692,9
3693,4
3694,0
3695,9
3696,4
3697,9
3698,5
3699,7
3700,5
3701,5
3702,9
3703,5
3704,3
3705,0
3706,1
3707,9
3708,7
3709,2
3710,4
3711,1
3712,0
3713,8
3714,0
3715,3
3716,1
3717,7
3718,0
3719,0
3720,4
3721,9
3722,6
3723,2
3724,4
3725,0
3726,0
3727,1
3728,0
3729,8
3730,4
3731,5
3732,1
3733,3
3734,9
3735,0
3736,5
3737,6
3738,5
3739,2
3740,1
3741,5
3742,8
3743,1
3744,0
3745,5
3746,4
3747,1
3748,0
3749,2
3750,8
3751,1
3752,5
3753,6
3754,7
3755,7
3756,2
3757,6
3758,2
3759,5
3760,0
3761,1
3762,4
3763,2
3764,5
3765,4
3766,2
3767,6
3768,2
3769,1
3770,7
3771,2
3772,0
3773,5
3774,5
3775,3
3776,0
3777,4
3778,8
3779,3
3780,7
3781,6
3782,3
3783,8
3784,1
3785,0
3786,1
3787,3
3788,3
3789,0
3790,7
3791,4
3792,9
3793,5
3794,3
3795,6
3796,0
3797,1
3798,4
3799,4
3800,4
3801,4
3802,3
3803,2
3804,4
3805,8
3806,1
3807,5
3808,9
3809,8
3810,1
3811,1
3812,3
3813,5
3814,9
3815,9
3816,7
3817,6
3818,5
3819,0
3820,8
3821,4
3822,7
3823,0
3824,9
3825,2
3826,8
3827,4
3828,7
3829,1
3830,3
3831,9
3832,6
3833,8
3834,9
3835,2
3836,4
3837,9
3838,8
3839,7
3840,8
3841,9
3842,4
3843,8
3844,9
3845,7
3846,2
3847,5
3848,3
3849,7
3850,3
3851,0
3852,9
3853,9
3854,5
3855,5
3856,8
3857,5
3858,7
3859,2
3860,8
3861,3
3862,4
3863,3
3864,7
3865,7
3866,8
3867,4
3868,7
3869,8
3870,2
3871,5
3872,5
3873,6
3874,8
3875,0
3876,2
3877,3
3878,7
3879,0
3880,1
3881,9
3882,1
3883,4
3884,5
3885,5
3886,8
3887,5
3888,2
3889,9
3890,6
3891,8
3892,6
3893,9
3894,3
3895,0
3896,9
3897,8
3898,0
3899,7
3900,8
3901,5
3902,2
3903,0
3904,1
3905,3
3906,9
3907,1
3908,5
3909,3
3910,4
3911,4
3912,0
3913,9
3914,9
3915,9
3916,9
3917,8
3918,2
3919,4
3920,2
3921,2
3922,5
3923,1
3924,7
3925,1
3926,0
3927,9
3928,4
3929,2
3930,1
3931,6
3932,0
3933,3
3934,7
3935,4
3936,3
3937,1
3938,0
3939,7
3940,5
3941,7
3942,2
3943,8
3944,4
3945,4
3946,8
3947,3
3948,5
3949,0
3950,7
3951,7
3952,4
3953,4
3954,2
3955,2
3956,7
3957,7
3958,6
3959,0
3960,2
3961,7
3962,6
3963,2
3964,3
3965,0
3966,7
3967,7
3968,8
3969,9
3970,1
3971,4
3972,6
3973,0
3974,6
3975,6
3976,5
3977,5
3978,6
3979,3
3980,9
3981,3
3982,6
3983,8
3984,7
3985,6
3986,4
3987,9
3988,5
3989,6
3990,4
3991,1
3992,6
3993,3
3994,8
3995,2
3996,3
3997,9
3998,0
3999,5
4000,1
4001,2
4002,4
4003,5
4004,7
4005,3
4006,7
4007,8
4008,9
4009,1
4010,2
4011,2
4012,5
4013,6
4014,8
4015,4
4016,3
4017,5
4018,2
4019,9
4020,9
4021,8
4022,5
4023,3
4024,6
4025,4
4026,5
4027,9
4028,7
4029,5
4030,4
4031,1
4032,4
4033,2
4034,4
4035,6
4036,3
4037,5
4038,2
4039,8
4040,0
4041,0
4042,1
4043,8
4044,3
4045,1
4046,3
4047,5
4048,8
4049,3
4050,8
4051,5
4052,8
4053,6
4054,3
4055,5
4056,5
4057,5
4058,0
4059,0
4060,5
4061,3
4062,7
4063,1
4064,8
4065,2
4066,2
4067,4
4068,3
4069,4
4070,2
4071,9
4072,6
4073,2
4074,2
4075,4
4076,3
4077,0
4078,4
4079,0
4080,1
4081,3
4082,2
4083,2
4084,7
4085,0
4086,1
4087,4
4088,7
4089,7
4090,2
4091,2
4092,1
4093,6
4094,5
4095,0
4096,2
4097,2
4098,0
4099,1
4100,2
4101,6
4102,0
4103,1
4104,6
4105,6
4106,5
4107,3
4108,4
4109,0
4110,0
4111,9
4112,1
4113,0
4114,2
4115,5
4116,9
4117,7
4118,8
4119,6
4120,4
4121,6
4122,0
4123,2
4124,0
4125,1
4126,9
4127,3
4128,2
4129,8
4130,0
4131,7
4132,2
4133,3
4134,4
4135,8
4136,0
4137,2
4138,6
4139,8
4140,9
4141,5
4142,1
4143,9
4144,3
4145,7
4146,2
4147,7
4148,9
4149,6
4150,9
4151,5
4152,7
4153,8
4154,5
4155,9
4156,8
4157,3
4158,9
4159,8
4160,0
4161,7
4162,5
4163,7
4164,1
4165,2
4166,0
4167,7
4168,5
4169,8
4170,2
4171,2
4172,3
4173,3
4174,9
4175,7
4176,1
4177,9
4178,3
4179,1
4180,4
4181,1
4182,4
4183,4
4184,9
4185,0
4186,1
4187,3
4188,9
4189,2
4190,9
4191,4
4192,0
4193,2
4194,8
4195,4
4196,8
4197,6
4198,8
4199,2
4200,2
4201,5
4202,9
4203,6
4204,9
4205,5
4206,1
4207,3
4208,4
4209,4
4210,2
4211,7
4212,2
4213,4
4214,4
4215,0
4216,2
4217,8
4218,4
4219,3
4220,1
4221,2
4222,6
4223,8
4224,1
4225,7
4226,6
4227,8
4228,7
4229,4
4230,3
4231,3
4232,7
4233,5
4234,7
4235,2
4236,5
4237,6
4238,1
4239,7
4240,9
4241,0
4242,2
4243,3
4244,9
4245,0
4246,9
4247,5
4248,8
4249,0
4250,7
4251,6
4252,3
4253,5
4254,8
4255,1
4256,4
4257,0
4258,1
4259,5
4260,4
4261,3
4262,2
4263,6
4264,0
4265,8
4266,8
4267,6
4268,3
4269,3
4270,4
4271,8
4272,7
4273,5
4274,1
4275,6
4276,0
4277,5
4278,9
4279,9
4280,4
4281,5
4282,9
4283,7
4284,8
4285,3
4286,5
4287,2
4288,5
4289,1
4290,9
4291,5
4292,5
4293,8
4294,1
4295,8
4296,9
4297,7
4298,0
4299,3
4300,3
4301,5
4302,0
4303,2
4304,6
4305,9
4306,3
4307,9
4308,1
4309,3
4310,6
4311,7
4312,2
4313,6
4314,3
4315,2
4316,5
4317,5
4318,2
4319,7
4320,5
4321,2
4322,0
4323,8
4324,0
4325,3
4326,7
4327,1
4328,7
4329,4
4330,0
4331,7
4332,2
4333,6
4334,1
4335,5
4336,9
4337,7
4338,6
4339,2
4340,7
4341,0
4342,5
4343,6
4344,0
4345,1
4346,1
4347,8
4348,4
4349,5
4350,3
4351,1
4352,3
4353,4
4354,8
4355,9
4356,8
4357,1
4358,7
4359,2
4360,7
4361,0
4362,2
4363,6
4364,6
4365,7
4366,9
4367,4
4368,0
4369,1
4370,0
4371,4
4372,2
4373,0
4374,8
4375,0
4376,7
4377,6
4378,1
4379,8
4380,8
4381,5
4382,9
4383,2
4384,5
4385,4
4386,4
4387,9
4388,0
4389,6
4390,1
4391,2
4392,5
4393,1
4394,3
4395,7
4396,1
4397,5
4398,8
4399,8
4400,0
4401,3
4402,9
4403,4
4404,0
4405,6
4406,4
4407,9
4408,2
4409,4
4410,3
4411,0
4412,6
4413,6
4414,5
4415,6
4416,6
4417,7
4418,8
4419,4
4420,8
4421,8
4422,3
4423,2
4424,8
4425,0
4426,2
4427,5
4428,6
4429,8
4430,7
4431,8
4432,9
4433,9
4434,0
4435,6
4436,6
4437,8
4438,1
4439,1
4440,7
4441,6
4442,4
4443,2
4444,3
4445,6
4446,9
4447,6
4448,2
4449,7
4450,1
4451,8
4452,2
4453,4
4454,1
4455,3
4456,8
4457,6
4458,8
4459,5
4460,9
4461,0
4462,1
4463,0
4464,4
4465,9
4466,2
4467,9
4468,2
4469,9
4470,7
4471,8
4472,5
4473,8
4474,6
4475,6
4476,8
4477,1
4478,6
4479,5
4480,8
4481,5
4482,9
4483,2
4484,1
4485,6
4486,7
4487,5
4488,6
4489,3
4490,0
4491,9
4492,8
4493,9
4494,7
4495,3
4496,9
4497,9
4498,3
4499,6
4500,4
4501,4
4502,8
4503,8
4504,3
4505,0
4506,3
4507,0
4508,6
4509,2
4510,4
4511,1
4512,2
4513,2
4514,9
4515,2
4516,2
4517,9
4518,7
4519,4
4520,1
4521,9
4522,1
4523,4
4524,3
4525,1
4526,5
4527,8
4528,9
4529,3
4530,2
4531,2
4532,1
4533,9
4534,9
4535,0
4536,3
4537,1
4538,5
4539,0
4540,2
4541,1
4542,0
4543,3
4544,2
4545,4
4546,8
4547,4
4548,0
4549,6
4550,4
4551,2
4552,9
4553,8
4554,4
4555,7
4556,6
4557,2
4558,4
4559,7
4560,7
4561,6
4562,4
4563,2
4564,2
4565,3
4566,2
4567,4
4568,9
4569,0
4570,0
4571,9
4572,6
4573,5
4574,8
4575,5
4576,2
4577,4
4578,8
4579,8
4580,3
4581,7
4582,5
4583,7
4584,6
4585,3
4586,4
4587,0
4588,4
4589,0
4590,3
4591,8
4592,7
4593,8
4594,0
4595,4
4596,9
4597,2
4598,5
4599,3
4600,8
4601,1
4602,6
4603,0
4604,8
4605,4
4606,3
4607,1
4608,4
4609,5
4610,2
4611,4
4612,5
4613,6
4614,0
4615,7
4616,1
4617,3
4618,5
4619,7
4620,1
4621,8
4622,0
4623,4
4624,8
4625,2
4626,7
4627,7
4628,0
4629,6
4630,2
4631,4
4632,5
4633,3
4634,9
4635,6
4636,1
4637,6
4638,4
4639,6
4640,7
4641,4
4642,7
4643,3
4644,8
4645,1
4646,3
4647,1
4648,4
4649,6
4650,9
4651,5
4652,7
4653,4
4654,5
4655,4
4656,9
4657,7
4658,7
4659,2
4660,3
4661,3
4662,6
4663,7
4664,4
4665,1
4666,6
4667,1
4668,0
4669,6
4670,9
4671,6
4672,0
4673,2
4674,0
4675,6
4676,4
4677,7
4678,0
4679,0
4680,0
4681,0
4682,7
4683,5
4684,3
4685,4
4686,7
4687,8
4688,5
4689,5
4690,6
4691,2
4692,8
4693,9
4694,1
4695,2
4696,2
4697,0
4698,3
4699,4
4700,9
4701,1
4702,6
4703,0
4704,0
4705,0
4706,3
4707,6
4708,4
4709,6
4710,7
4711,5
4712,1
4713,8
4714,9
4715,0
4716,5
4717,0
4718,5
4719,5
4720,3
4721,8
4722,5
4723,4
4724,0
4725,8
4726,5
4727,9
4728,2
4729,5
4730,6
4731,5
4732,7
4733,3
4734,7
4735,2
4736,8
4737,9
4738,4
4739,2
4740,1
4741,6
4742,2
4743,9
4744,9
4745,8
4746,2
4747,3
4748,1
4749,0
4750,5
4751,2
4752,3
4753,7
4754,9
4755,7
4756,9
4757,1
4758,1
4759,3
4760,2
4761,7
4762,4
4763,4
4764,1
4765,9
4766,4
4767,3
4768,5
4769,2
4770,7
4771,7
4772,6
4773,1
4774,2
4775,3
4776,7
4777,5
4778,4
4779,3
4780,7
4781,7
4782,9
4783,0
4784,1
4785,5
4786,4
4787,3
4788,7
4789,9
4790,8
4791,7
4792,0
4793,9
4794,0
4795,3
4796,7
4797,6
4798,5
4799,8
4800,4
4801,5
4802,6
4803,5
4804,7
4805,4
4806,2
4807,9
4808,2
4809,4
4810,9
4811,2
4812,0
4813,1
4814,1
4815,3
4816,7
4817,9
4818,5
4819,1
4820,6
4821,7
4822,3
4823,3
4824,7
4825,2
4826,4
4827,5
4828,2
4829,3
4830,6
4831,0
4832,5
4833,0
4834,4
4835,4
4836,3
4837,8
4838,1
4839,2
4840,3
4841,2
4842,7
4843,0
4844,3
4845,7
4846,6
4847,0
4848,6
4849,3
4850,5
4851,4
4852,2
4853,9
4854,0
4855,6
4856,2
4857,0
4858,4
4859,1
4860,5
4861,5
4862,6
4863,6
4864,5
4865,6
4866,9
4867,7
4868,9
4869,4
4870,8
4871,3
4872,1
4873,9
4874,8
4875,1
4876,9
4877,8
4878,3
4879,0
4880,4
4881,7
4882,7
4883,2
4884,3
4885,5
4886,6
4887,9
4888,7
4889,7
4890,7
4891,7
4892,0
4893,8
4894,6
4895,3
4896,8
4897,3
4898,8
4899,9
4900,3
4901,2
4902,9
4903,2
4904,7
4905,4
4906,1
4907,9
4908,7
4909,0
4910,8
4911,1
4912,6
4913,0
4914,6
4915,5
4916,1
4917,4
4918,2
4919,8
4920,2
4921,8
4922,3
4923,3
4924,1
4925,4
4926,9
4927,8
4928,1
4929,1
4930,3
4931,9
4932,9
4933,4
4934,6
4935,8
4936,5
4937,5
4938,2
4939,2
4940,3
4941,8
4942,5
4943,1
4944,9
4945,7
4946,9
4947,1
4948,0
4949,5
4950,1
4951,0
4952,3
4953,8
4954,9
4955,2
4956,0
4957,9
4958,8
4959,8
4960,0
4961,4
4962,8
4963,3
4964,0
4965,7
4966,0
4967,7
4968,0
4969,5
4970,5
4971,4
4972,3
4973,0
4974,9
4975,0
4976,0
4977,2
4978,2
4979,0
4980,8
4981,4
4982,4
4983,5
4984,2
4985,2
4986,1
4987,9
4988,3
4989,5
4990,4
4991,3
4992,4
4993,0
4994,8
4995,4
4996,8
4997,2
4998,5
4999,6
5000,5
5001,1
5002,0
5003,2
5004,4
5005,0
5006,5
5007,6
5008,9
5009,7
5010,6
5011,5
5012,1
5013,7
5014,6
5015,6
5016,4
5017,5
5018,5
5019,5
5020,1
5021,8
5022,7
5023,3
5024,0
5025,6
5026,7
5027,1
5028,1
5029,1
5030,6
5031,7
5032,3
5033,1
5034,2
5035,3
5036,9
5037,8
5038,5
5039,1
5040,7
5041,4
5042,8
5043,4
5044,7
5045,5
5046,8
5047,6
5048,0
5049,5
5050,0
5051,8
5052,2
5053,4
5054,4
5055,9
5056,4
5057,6
5058,1
5059,3
5060,7
5061,7
5062,9
5063,2
5064,1
5065,3
5066,1
5067,3
5068,2
5069,4
5070,0
5071,7
5072,8
5073,3
5074,1
5075,3
5076,2
5077,1
5078,8
5079,8
5080,1
5081,9
5082,7
5083,3
5084,5
5085,2
5086,9
5087,0
5088,6
5089,8
5090,4
5091,1
5092,5
5093,7
5094,0
5095,4
5096,7
5097,0
5098,4
5099,9
5100,0
5101,7
5102,0
5103,6
5104,7
5105,1
5106,8
5107,2
5108,8
5109,8
5110,7
5111,0
5112,0
5113,3
5114,2
5115,5
5116,7
5117,0
5118,6
5119,2
5120,4
5121,9
5122,1
5123,8
5124,6
5125,3
5126,9
5127,4
5128,9
5129,3
5130,3
5131,7
5132,5
5133,9
5134,7
5135,7
5136,4
5137,5
5138,8
5139,8
5140,8
5141,9
5142,5
5143,3
5144,1
5145,9
5146,2
5147,2
5148,0
5149,1
5150,9
5151,8
5152,1
5153,1
5154,9
5155,8
5156,9
5157,9
5158,0
5159,2
5160,6
5161,9
5162,1
5163,9
5164,2
5165,1
5166,9
5167,2
5168,9
5169,9
5170,9
5171,0
5172,9
5173,9
5174,2
5175,1
5176,7
5177,0
5178,5
5179,6
5180,6
5181,9
5182,8
5183,5
5184,0
5185,3
5186,7
5187,7
5188,4
5189,8
5190,3
5191,0
5192,4
5193,2
5194,3
5195,5
5196,7
5197,6
5198,6
5199,6
5200,5
5201,6
5202,5
5203,4
5204,5
5205,8
5206,8
5207,0
5208,9
5209,5
5210,9
5211,8
5212,6
5213,9
5214,6
5215,1
5216,4
5217,7
5218,8
5219,0
5220,3
5221,5
5222,4
5223,7
5224,6
5225,9
5226,8
5227,4
5228,3
5229,9
5230,3
5231,7
5232,7
5233,8
5234,3
5235,2
5236,5
5237,9
5238,6
5239,1
5240,4
5241,7
5242,4
5243,8
5244,7
5245,7
5246,1
5247,3
5248,0
5249,3
5250,2
5251,7
5252,4
5253,9
5254,5
5255,5
5256,4
5257,7
5258,0
5259,3
5260,7
5261,0
5262,3
5263,1
5264,2
5265,8
5266,7
5267,3
5268,5
5269,7
5270,8
5271,5
5272,7
5273,8
5274,1
5275,3
5276,4
5277,7
5278,2
5279,8
5280,3
5281,2
5282,9
5283,7
5284,4
5285,1
5286,6
5287,5
5288,9
5289,8
5290,5
5291,5
5292,4
5293,1
5294,0
5295,9
5296,4
5297,3
5298,3
5299,6
5300,4
5301,8
5302,0
5303,8
5304,2
5305,9
5306,7
5307,9
5308,7
5309,7
5310,6
5311,5
5312,9
5313,2
5314,9
5315,3
5316,7
5317,7
5318,8
5319,2
5320,0
5321,0
5322,2
5323,5
5324,3
5325,6
5326,4
5327,7
5328,2
5329,3
5330,7
5331,8
5332,7
5333,2
5334,5
5335,0
5336,0
5337,7
5338,0
5339,3
5340,6
5341,1
5342,8
5343,5
5344,9
5345,7
5346,2
5347,9
5348,1
5349,2
5350,8
5351,1
5352,2
5353,3
5354,8
5355,5
5356,4
5357,8
5358,9
5359,5
5360,4
5361,4
5362,1
5363,2
5364,4
5365,9
5366,8
5367,7
5368,9
5369,5
5370,1
5371,2
5372,1
5373,3
5374,6
5375,4
5376,5
5377,7
5378,4
5379,3
5380,8
5381,5
5382,2
5383,8
5384,7
5385,8
5386,2
5387,3
5388,6
5389,1
5390,5
5391,3
5392,9
5393,5
5394,1
5395,9
5396,0
5397,9
5398,2
5399,0
5400,0
5401,2
5402,4
5403,8
5404,5
5405,7
5406,6
5407,1
5408,2
5409,9
5410,4
5411,5
5412,4
5413,3
5414,3
5415,7
5416,4
5417,7
5418,1
5419,4
5420,3
5421,0
5422,2
5423,8
5424,5
5425,0
5426,0
5427,6
5428,2
5429,0
5430,8
5431,4
5432,5
5433,4
5434,5
5435,6
5436,4
5437,7
5438,9
5439,6
5440,2
5441,0
5442,6
5443,4
5444,2
5445,0
5446,3
5447,4
5448,6
5449,1
5450,1
5451,5
5452,5
5453,2
5454,2
5455,5
5456,3
5457,4
5458,5
5459,9
5460,1
5461,7
5462,2
5463,5
5464,9
5465,6
5466,5
5467,0
5468,2
5469,9
5470,7
5471,1
5472,7
5473,2
5474,2
5475,2
5476,8
5477,6
5478,4
5479,3
5480,2
5481,4
5482,7
5483,0
5484,4
5485,1
5486,6
5487,5
5488,1
5489,3
5490,2
5491,3
5492,9
5493,0
5494,0
5495,7
5496,3
5497,0
5498,4
5499,0
5500,1
5501,1
5502,8
5503,4
5504,9
5505,4
5506,2
5507,4
5508,3
5509,3
5510,4
5511,0
5512,4
5513,3
5514,4
5515,8
5516,9
5517,1
5518,5
5519,8
5520,1
5521,8
5522,2
5523,6
5524,4
5525,2
5526,4
5527,1
5528,1
5529,6
5530,6
5531,8
5532,5
5533,2
5534,2
5535,5
5536,0
5537,8
5538,2
5539,3
5540,6
5541,2
5542,9
5543,6
5544,1
5545,4
5546,5
5547,9
5548,0
5549,1
5550,0
5551,0
5552,8
5553,1
5554,1
5555,6
5556,6
5557,9
5558,5
5559,4
5560,9
5561,7
5562,8
5563,6
5564,9
5565,1
5566,7
5567,6
5568,0
5569,9
5570,3
5571,5
5572,3
5573,2
5574,3
5575,3
5576,4
5577,9
5578,7
5579,1
5580,2
5581,4
5582,6
5583,1
5584,3
5585,8
5586,8
5587,0
5588,6
5589,7
5590,7
5591,6
5592,7
5593,2
5594,3
5595,2
5596,4
5597,6
5598,2
5599,7
5600,3
5601,3
5602,3
5603,6
5604,2
5605,6
5606,3
5607,5
5608,0
5609,9
5610,5
5611,9
5612,1
5613,5
5614,3
5615,4
5616,4
5617,3
5618,4
5619,1
5620,0
5621,4
5622,3
5623,5
5624,4
5625,8
5626,9
5627,3
5628,3
5629,1
5630,8
5631,0
5632,1
5633,3
5634,3
5635,4
5636,4
5637,2
5638,9
5639,7
5640,6
5641,8
5642,1
5643,8
5644,9
5645,9
5646,3
5647,1
5648,7
5649,3
5650,0
5651,0
5652,2
5653,8
5654,3
5655,9
5656,2
5657,7
5658,2
5659,6
5660,0
5661,1
5662,6
5663,1
5664,6
5665,7
5666,5
5667,5
5668,2
5669,3
5670,9
5671,4
5672,0
5673,2
5674,3
5675,4
5676,9
5677,4
5678,1
5679,0
5680,0
5681,2
5682,3
5683,3
5684,9
5685,2
5686,8
5687,9
5688,5
5689,7
5690,9
5691,1
5692,4
5693,6
5694,2
5695,8
5696,3
5697,4
5698,8
5699,9
5700,3
5701,1
5702,1
5703,6
5704,3
5705,8
5706,4
5707,6
5708,4
5709,5
5710,2
5711,6
5712,4
5713,2
5714,3
5715,1
5716,3
5717,6
5718,8
5719,5
5720,2
5721,2
5722,7
5723,1
5724,2
5725,2
5726,3
5727,9
5728,6
5729,8
5730,1
5731,6
5732,9
5733,2
5734,7
5735,2
5736,3
5737,2
5738,9
5739,7
5740,0
5741,2
5742,9
5743,3
5744,4
5745,1
5746,7
5747,9
5748,5
5749,8
5750,9
5751,7
5752,3
5753,2
5754,0
5755,9
5756,7
5757,4
5758,2
5759,4
5760,7
5761,8
5762,1
5763,8
5764,1
5765,0
5766,4
5767,6
5768,1
5769,9
5770,9
5771,2
5772,1
5773,2
5774,3
5775,6
5776,9
5777,7
5778,7
5779,3
5780,4
5781,2
5782,0
5783,2
5784,5
5785,2
5786,7
5787,4
5788,7
5789,3
5790,4
5791,2
5792,0
5793,6
5794,1
5795,7
5796,5
5797,6
5798,5
5799,5
5800,9
5801,2
5802,7
5803,8
5804,5
5805,9
5806,5
5807,8
5808,5
5809,4
5810,3
5811,7
5812,9
5813,8
5814,1
5815,2
5816,2
5817,8
5818,9
5819,5
5820,2
5821,3
5822,4
5823,0
5824,2
5825,0
5826,1
5827,4
5828,0
5829,8
5830,5
5831,5
5832,7
5833,9
5834,8
5835,7
5836,7
5837,9
5838,1
5839,5
5840,6
5841,9
5842,8
5843,7
5844,2
5845,0
5846,9
5847,0
5848,8
5849,5
5850,9
5851,5
5852,2
5853,9
5854,8
5855,1
5856,9
5857,1
5858,8
5859,3
5860,7
5861,6
5862,4
5863,2
5864,9
5865,7
5866,0
5867,5
5868,5
5869,8
5870,8
5871,8
5872,7
5873,9
5874,6
5875,2
5876,7
5877,4
5878,5
5879,7
5880,6
5881,7
5882,1
5883,7
5884,4
5885,6
5886,8
5887,4
5888,6
5889,6
5890,5
5891,1
5892,5
5893,9
5894,7
5895,1
5896,7
5897,0
5898,1
5899,2
5900,3
5901,3
5902,9
5903,0
5904,1
5905,2
5906,3
5907,2
5908,2
5909,5
5910,4
5911,9
5912,8
5913,7
5914,4
5915,4
5916,9
5917,7
5918,6
5919,7
5920,7
5921,1
5922,6
5923,3
5924,2
5925,1
5926,9
5927,0
5928,3
5929,3
5930,1
5931,5
5932,6
5933,6
5934,2
5935,4
5936,6
5937,8
5938,8
5939,9
5940,6
5941,2
5942,1
5943,0
5944,7
5945,5
5946,8
5947,2
5948,1
5949,5
5950,8
5951,1
5952,4
5953,3
5954,5
5955,0
5956,6
5957,0
5958,9
5959,5
5960,2
5961,8
5962,4
5963,1
5964,9
5965,0
5966,4
5967,4
5968,8
5969,2
5970,9
5971,0
5972,7
5973,9
5974,8
5975,7
5976,1
5977,6
5978,2
5979,9
5980,2
5981,5
5982,9
5983,7
5984,6
5985,7
5986,7
5987,1
5988,1
5989,2
5990,4
5991,2
5992,0
5993,6
5994,8
5995,7
5996,2
5997,2
5998,2
5999,9
6000,2
6001,2
6002,4
6003,2
6004,0
6005,3
6006,8
6007,6
6008,8
6009,2
6010,7
6011,7
6012,7
6013,1
6014,8
6015,1
6016,3
6017,5
6018,9
6019,7
6020,8
6021,9
6022,3
6023,4
6024,8
6025,1
6026,9
6027,4
6028,0
6029,4
6030,1
6031,4
6032,3
6033,6
6034,2
6035,2
6036,0
6037,0
6038,8
6039,7
6040,0
6041,7
6042,4
6043,3
6044,2
6045,7
6046,7
6047,4
6048,5
6049,4
6050,3
6051,3
6052,5
6053,4
6054,0
6055,2
6056,0
6057,7
6058,7
6059,1
6060,6
6061,5
6062,0
6063,7
6064,7
6065,4
6066,2
6067,1
6068,8
6069,5
6070,9
6071,2
6072,5
6073,6
6074,2
6075,2
6076,7
6077,3
6078,5
6079,8
6080,1
6081,0
6082,6
6083,8
6084,7
6085,8
6086,8
6087,5
6088,7
6089,5
6090,4
6091,9
6092,7
6093,3
6094,2
6095,8
6096,8
6097,4
6098,9
6099,4
6100,7
6101,2
6102,0
6103,8
6104,0
6105,7
6106,3
6107,3
6108,2
6109,5
6110,2
6111,0
6112,5
6113,0
6114,3
6115,8
6116,2
6117,4
6118,0
6119,6
6120,4
6121,5
6122,6
6123,0
6124,8
6125,0
6126,2
6127,6
6128,1
6129,1
6130,6
6131,1
6132,4
6133,2
6134,1
6135,1
6136,2
6137,4
6138,4
6139,0
6140,7
6141,8
6142,8
6143,5
6144,1
6145,8
6146,2
6147,5
6148,3
6149,9
6150,6
6151,6
6152,3
6153,0
6154,7
6155,3
6156,3
6157,2
6158,7
6159,4
6160,5
6161,6
6162,0
6163,2
6164,1
6165,8
6166,1
6167,0
6168,9
6169,5
6170,1
6171,0
6172,5
6173,4
6174,2
6175,8
6176,3
6177,6
6178,7
6179,6
6180,0
6181,0
6182,5
6183,7
6184,4
6185,7
6186,7
6187,4
6188,6
6189,1
6190,5
6191,9
6192,9
6193,9
6194,0
6195,3
6196,8
6197,4
6198,8
6199,8
6200,4
6201,1
6202,0
6203,2
6204,2
6205,4
6206,1
6207,1
6208,7
6209,4
6210,3
6211,4
6212,1
6213,4
6214,7
6215,1
6216,0
6217,0
6218,9
6219,0
6220,4
6221,2
6222,8
6223,8
6224,5
6225,5
6226,0
6227,4
6228,0
6229,8
6230,6
6231,2
6232,5
6233,9
6234,2
6235,9
6236,1
6237,1
6238,5
6239,4
6240,7
6241,5
6242,8
6243,6
6244,6
6245,1
6246,5
6247,2
6248,3
6249,4
6250,1
6251,0
6252,9
6253,9
6254,8
6255,9
6256,8
6257,6
6258,8
6259,5
6260,8
6261,9
6262,4
6263,6
6264,2
6265,6
6266,3
6267,7
6268,4
6269,0
6270,0
6271,1
6272,7
6273,5
6274,1
6275,5
6276,1
6277,3
6278,1
6279,6
6280,8
6281,7
6282,3
6283,6
6284,9
6285,1
6286,2
6287,0
6288,1
6289,7
6290,2
6291,6
6292,1
6293,9
6294,0
6295,0
6296,8
6297,9
6298,9
6299,2
6300,8
6301,6
6302,5
6303,5
6304,6
6305,0
6306,3
6307,3
6308,0
6309,4
6310,4
6311,7
6312,5
6313,4
6314,1
6315,0
6316,8
6317,8
6318,1
6319,2
6320,1
6321,5
6322,4
6323,5
6324,9
6325,6
6326,7
6327,1
6328,0
6329,6
6330,9
6331,2
6332,7
6333,7
6334,3
6335,9
6336,9
6337,1
6338,9
6339,7
6340,0
6341,1
6342,3
6343,3
6344,4
6345,6
6346,3
6347,8
6348,8
6349,0
6350,4
6351,8
6352,5
6353,6
6354,7
6355,2
6356,0
6357,4
6358,5
6359,2
6360,6
6361,8
6362,4
6363,9
6364,9
6365,9
6366,6
6367,0
6368,4
6369,2
6370,8
6371,1
6372,1
6373,0
6374,0
6375,4
6376,7
6377,4
6378,1
6379,1
6380,9
6381,7
6382,7
6383,4
6384,6
6385,8
6386,6
6387,0
6388,2
6389,8
6390,5
6391,8
6392,5
6393,3
6394,5
6395,7
6396,9
6397,8
6398,4
6399,4
6400,3
6401,1
6402,4
6403,8
6404,3
6405,6
6406,5
6407,3
6408,0
6409,8
6410,9
6411,3
6412,7
6413,6
6414,2
6415,0
6416,4
6417,9
6418,9
6419,0
6420,5
6421,2
6422,3
6423,6
6424,1
6425,1
6426,0
6427,2
6428,8
6429,2
6430,1
6431,1
6432,7
6433,5
6434,2
6435,3
6436,4
6437,1
6438,2
6439,9
6440,2
6441,1
6442,3
6443,4
6444,8
6445,9
6446,0
6447,0
6448,4
6449,9
6450,0
6451,2
6452,2
6453,0
6454,6
6455,8
6456,7
6457,3
6458,3
6459,8
6460,9
6461,0
6462,2
6463,2
6464,3
6465,6
6466,1
6467,3
6468,9
6469,5
6470,0
6471,5
6472,4
6473,4
6474,0
6475,1
6476,3
6477,6
6478,1
6479,7
6480,9
6481,9
6482,6
6483,2
6484,4
6485,7
6486,8
6487,3
6488,4
6489,7
6490,0
6491,2
6492,8
6493,4
6494,8
6495,3
6496,8
6497,8
6498,8
6499,3
6500,3
6501,5
6502,7
6503,7
6504,0
6505,4
6506,1
6507,5
6508,9
6509,7
6510,0
6511,6
6512,8
6513,4
6514,9
6515,0
6516,1
6517,8
6518,9
6519,6
6520,5
6521,9
6522,2
6523,4
6524,4
6525,0
6526,5
6527,3
6528,4
6529,4
6530,3
6531,1
6532,9
6533,8
6534,2
6535,2
6536,9
6537,3
6538,7
6539,8
6540,9
6541,2
6542,3
6543,1
6544,7
6545,3
6546,2
6547,3
6548,2
6549,1
6550,0
6551,5
6552,5
6553,3
6554,4
6555,5
6556,2
6557,0
6558,0
6559,3
6560,1
6561,3
6562,7
6563,7
6564,4
6565,0
6566,8
6567,4
6568,8
6569,9
6570,9
6571,4
6572,2
6573,4
6574,4
6575,6
6576,4
6577,6
6578,4
6579,6
6580,6
6581,3
6582,8
6583,7
6584,4
6585,8
6586,0
6587,5
6588,9
6589,3
6590,2
6591,0
6592,7
6593,5
6594,1
6595,9
6596,7
6597,9
6598,1
6599,1
6600,4
6601,2
6602,1
6603,6
6604,4
6605,3
6606,0
6607,1
6608,4
6609,8
6610,6
6611,1
6612,7
6613,1
6614,5
6615,4
6616,4
6617,5
6618,6
6619,9
6620,7
6621,8
6622,2
6623,5
6624,4
6625,4
6626,5
6627,4
6628,5
6629,7
6630,6
6631,5
6632,9
6633,1
6634,7
6635,7
6636,8
6637,3
6638,6
6639,0
6640,2
6641,5
6642,2
6643,3
6644,7
6645,4
6646,2
6647,1
6648,6
6649,8
6650,6
6651,8
6652,3
6653,2
6654,7
6655,7
6656,9
6657,7
6658,1
6659,4
6660,7
6661,7
6662,6
6663,1
6664,7
6665,3
6666,0
6667,0
6668,6
6669,6
6670,8
6671,6
6672,6
6673,0
6674,3
6675,4
6676,7
6677,4
6678,9
6679,4
6680,9
6681,9
6682,5
6683,4
6684,1
6685,4
6686,8
6687,3
6688,7
6689,1
6690,2
6691,2
6692,8
6693,4
6694,7
6695,8
6696,5
6697,5
6698,6
6699,6
6700,6
6701,0
6702,6
6703,4
6704,9
6705,3
6706,2
6707,7
6708,3
6709,0
6710,5
6711,9
6712,4
6713,1
6714,6
6715,9
6716,9
6717,4
6718,5
6719,9
6720,8
6721,1
6722,6
6723,9
6724,5
6725,9
6726,0
6727,9
6728,7
6729,5
6730,2
6731,4
6732,2
6733,6
6734,4
6735,9
6736,1
6737,9
6738,5
6739,6
6740,7
6741,1
6742,8
6743,6
6744,0
6745,7
6746,6
6747,5
6748,3
6749,3
6750,9
6751,6
6752,1
6753,2
6754,8
6755,1
6756,6
6757,4
6758,9
6759,0
6760,0
6761,9
6762,1
6763,0
6764,5
6765,3
6766,1
6767,6
6768,9
6769,8
6770,9
6771,0
6772,6
6773,1
6774,6
6775,2
6776,5
6777,5
6778,6
6779,9
6780,0
6781,7
6782,2
6783,7
6784,8
6785,3
6786,6
6787,8
6788,6
6789,9
6790,1
6791,9
6792,4
6793,6
6794,2
6795,3
6796,9
6797,5
6798,4
6799,1
6800,9
6801,2
6802,0
6803,7
6804,3
6805,5
6806,1
6807,8
6808,3
6809,0
6810,5
6811,2
6812,8
6813,8
6814,3
6815,9
6816,6
6817,0
6818,9
6819,5
6820,2
6821,3
6822,1
6823,5
6824,0
6825,7
6826,3
6827,9
6828,4
6829,5
6830,3
6831,1
6832,4
6833,4
6834,4
6835,9
6836,9
6837,7
6838,1
6839,7
6840,0
6841,1
6842,2
6843,1
6844,5
6845,3
6846,8
6847,4
6848,1
6849,7
6850,1
6851,9
6852,9
6853,7
6854,0
6855,1
6856,7
6857,6
6858,2
6859,6
6860,5
6861,0
6862,3
6863,1
6864,3
6865,8
6866,9
6867,9
6868,0
6869,8
6870,8
6871,5
6872,9
6873,2
6874,9
6875,1
6876,3
6877,6
6878,7
6879,6
6880,0
6881,8
6882,6
6883,2
6884,4
6885,2
6886,3
6887,5
6888,5
6889,4
6890,1
6891,6
6892,4
6893,1
6894,6
6895,1
6896,7
6897,9
6898,6
6899,2
6900,3
6901,0
6902,4
6903,2
6904,9
6905,7
6906,3
6907,5
6908,6
6909,0
6910,8
6911,8
6912,1
6913,1
6914,3
6915,5
6916,6
6917,5
6918,3
6919,8
6920,7
6921,3
6922,0
6923,7
6924,7
6925,5
6926,9
6927,1
6928,9
6929,9
6930,1
6931,8
6932,9
6933,3
6934,5
6935,5
6936,3
6937,0
6938,3
6939,0
6940,6
6941,6
6942,5
6943,6
6944,8
6945,9
6946,4
6947,5
6948,1
6949,1
6950,2
6951,7
6952,9
6953,0
6954,1
6955,2
6956,5
6957,4
6958,4
6959,7
6960,4
6961,8
6962,3
6963,3
6964,4
6965,4
6966,3
6967,7
6968,0
6969,1
6970,2
6971,9
6972,8
6973,9
6974,7
6975,3
6976,5
6977,9
6978,1
6979,9
6980,1
6981,1
6982,7
6983,6
6984,7
6985,4
6986,8
6987,3
6988,5
6989,6
6990,7
6991,0
6992,1
6993,0
6994,7
6995,5
6996,5
6997,3
6998,5
6999,1
7000,7
7001,6
7002,8
7003,4
7004,4
7005,5
7006,5
7007,3
7008,2
7009,7
7010,7
7011,4
7012,6
7013,3
7014,7
7015,2
7016,6
7017,7
7018,4
7019,1
7020,8
7021,0
7022,2
7023,2
7024,1
7025,5
7026,4
7027,0
7028,9
7029,3
7030,0
7031,4
7032,2
7033,3
7034,8
7035,5
7036,0
7037,0
7038,4
7039,6
7040,3
7041,9
7042,2
7043,0
7044,5
7045,7
7046,5
7047,5
7048,1
7049,7
7050,3
7051,1
7052,6
7053,7
7054,9
7055,0
7056,3
7057,2
7058,1
7059,4
7060,6
7061,1
7062,5
7063,9
7064,5
7065,0
7066,4
7067,9
7068,4
7069,9
7070,7
7071,1
7072,6
7073,8
7074,3
7075,6
7076,5
7077,0
7078,8
7079,1
7080,7
7081,5
7082,6
7083,9
7084,2
7085,2
7086,3
7087,9
7088,2
7089,6
7090,1
7091,0
7092,9
7093,0
7094,9
7095,8
7096,7
7097,7
7098,2
7099,2
7100,3
7101,5
7102,5
7103,7
7104,8
7105,7
7106,5
7107,9
7108,1
7109,9
7110,8
7111,6
7112,5
7113,6
7114,7
7115,5
7116,6
7117,7
7118,2
7119,5
7120,9
7121,6
7122,6
7123,7
7124,0
7125,1
7126,0
7127,1
7128,3
7129,3
7130,3
7131,6
7132,1
7133,2
7134,5
7135,1
7136,9
7137,9
7138,8
7139,3
7140,8
7141,6
7142,8
7143,9
7144,0
7145,4
7146,0
7147,3
7148,3
7149,6
7150,4
7151,3
7152,9
7153,7
7154,2
7155,5
7156,5
7157,6
7158,4
7159,6
7160,0
7161,3
7162,2
7163,5
7164,0
7165,2
7166,7
7167,2
7168,7
7169,2
7170,9
7171,2
7172,4
7173,0
7174,6
7175,6
7176,3
7177,4
7178,5
7179,5
7180,9
7181,1
7182,1
7183,3
7184,4
7185,3
7186,5
7187,4
7188,8
7189,0
7190,0
7191,2
7192,9
7193,2
7194,7
7195,4
7196,2
7197,8
7198,8
7199,6
7200,5
7201,1
7202,9
7203,6
7204,3
7205,8
7206,3
7207,8
7208,4
7209,7
7210,5
7211,0
7212,5
7213,9
7214,1
7215,2
7216,6
7217,1
7218,5
7219,2
7220,0
7221,7
7222,5
7223,0
7224,3
7225,0
7226,1
7227,4
7228,3
7229,3
7230,8
7231,4
7232,7
7233,1
7234,7
7235,1
7236,0
7237,4
7238,2
7239,4
7240,1
7241,4
7242,0
7243,1
7244,2
7245,1
7246,7
7247,7
7248,9
7249,8
7250,7
7251,5
7252,4
7253,0
7254,9
7255,0
7256,0
7257,8
7258,2
7259,0
7260,0
7261,2
7262,4
7263,8
7264,6
7265,2
7266,4
7267,6
7268,3
7269,5
7270,1
7271,5
7272,3
7273,7
7274,2
7275,2
7276,9
7277,8
7278,0
7279,0
7280,0
7281,3
7282,4
7283,4
7284,6
7285,1
7286,6
7287,7
7288,4
7289,4
7290,5
7291,9
7292,4
7293,0
7294,8
7295,0
7296,4
7297,6
7298,5
7299,7
7300,9
7301,7
7302,0
7303,5
7304,7
7305,7
7306,3
7307,1
7308,9
7309,3
7310,2
7311,1
7312,5
7313,3
7314,7
7315,9
7316,4
7317,4
7318,1
7319,7
7320,7
7321,1
7322,4
7323,1
7324,8
7325,8
7326,7
7327,9
7328,0
7329,4
7330,5
7331,2
7332,9
7333,7
7334,6
7335,9
7336,3
7337,5
7338,8
7339,0
7340,4
7341,6
7342,8
7343,3
7344,2
7345,4
7346,7
7347,1
7348,1
7349,3
7350,9
7351,7
7352,2
7353,1
7354,0
7355,8
7356,7
7357,0
7358,1
7359,6
7360,9
7361,3
7362,2
7363,7
7364,7
7365,8
7366,9
7367,0
7368,3
7369,5
7370,6
7371,7
7372,5
7373,2
7374,0
7375,1
7376,5
7377,5
7378,1
7379,4
7380,1
7381,3
7382,0
7383,8
7384,6
7385,2
7386,1
7387,3
7388,3
7389,4
7390,1
7391,9
7392,0
7393,4
7394,1
7395,0
7396,1
7397,9
7398,8
7399,6
7400,9
7401,2
7402,4
7403,7
7404,2
7405,2
7406,7
7407,7
7408,9
7409,1
7410,5
7411,2
7412,6
7413,3
7414,4
7415,4
7416,1
7417,3
7418,8
7419,2
7420,6
7421,6
7422,1
7423,6
7424,3
7425,6
7426,3
7427,8
7428,4
7429,6
7430,4
7431,1
7432,9
7433,3
7434,6
7435,7
7436,6
7437,0
7438,7
7439,1
7440,9
7441,3
7442,2
7443,6
7444,7
7445,7
7446,6
7447,5
7448,9
7449,1
7450,5
7451,6
7452,0
7453,2
7454,2
7455,1
7456,1
7457,8
7458,6
7459,5
7460,3
7461,0
7462,0
7463,5
7464,7
7465,7
7466,8
7467,5
7468,5
7469,5
7470,1
7471,6
7472,1
7473,5
7474,1
7475,0
7476,6
7477,2
7478,3
7479,2
7480,1
7481,7
7482,5
7483,1
7484,9
7485,8
7486,3
7487,6
7488,9
7489,7
7490,3
7491,0
7492,2
7493,3
7494,9
7495,4
7496,4
7497,3
7498,1
7499,6
7500,8
7501,6
7502,6
7503,8
7504,5
7505,4
7506,5
7507,6
7508,7
7509,7
7510,4
7511,6
7512,9
7513,6
7514,2
7515,4
7516,0
7517,1
7518,5
7519,6
7520,4
7521,9
7522,2
7523,6
7524,0
7525,3
7526,8
7527,7
7528,5
7529,3
7530,3
7531,8
7532,3
7533,2
7534,6
7535,3
7536,6
7537,5
7538,7
7539,4
7540,5
7541,7
7542,9
7543,0
7544,0
7545,6
7546,7
7547,2
7548,0
7549,5
7550,5
7551,7
7552,5
7553,5
7554,9
7555,4
7556,6
7557,4
7558,7
7559,3
7560,3
7561,6
7562,4
7563,9
7564,6
7565,3
7566,1
7567,6
7568,7
7569,0
7570,5
7571,0
7572,1
7573,9
7574,7
7575,3
7576,5
7577,2
7578,3
7579,9
7580,5
7581,6
7582,2
7583,0
7584,0
7585,0
7586,8
7587,0
7588,3
7589,2
7590,4
7591,5
7592,3
7593,7
7594,9
7595,6
7596,9
7597,3
7598,1
7599,2
7600,6
7601,7
7602,4
7603,4
7604,1
7605,3
7606,7
7607,6
7608,9
7609,3
7610,8
7611,2
7612,8
7613,5
7614,8
7615,5
7616,6
7617,5
7618,0
7619,8
7620,6
7621,1
7622,1
7623,8
7624,1
7625,5
7626,0
7627,9
7628,1
7629,6
7630,3
7631,6
7632,3
7633,4
7634,5
7635,7
7636,4
7637,7
7638,4
7639,3
7640,2
7641,4
7642,4
7643,5
7644,7
7645,3
7646,0
7647,5
7648,8
7649,0
7650,5
7651,4
7652,0
7653,5
7654,4
7655,3
7656,3
7657,2
7658,2
7659,6
7660,9
7661,4
7662,8
7663,8
7664,6
7665,0
7666,6
7667,1
7668,7
7669,0
7670,4
7671,3
7672,8
7673,5
7674,9
7675,7
7676,4
7677,4
7678,1
7679,0
7680,2
7681,3
7682,3
7683,6
7684,7
7685,1
7686,6
7687,2
7688,8
7689,3
7690,7
7691,2
7692,5
7693,7
7694,5
7695,7
7696,7
7697,1
7698,7
7699,4
7700,3
7701,3
7702,4
7703,0
7704,4
7705,2
7706,7
7707,0
7708,5
7709,2
7710,6
7711,6
7712,2
7713,5
7714,2
7715,6
7716,0
7717,6
7718,1
7719,2
7720,9
7721,0
7722,2
7723,1
7724,3
7725,5
7726,1
7727,6
7728,7
7729,8
7730,9
7731,6
7732,3
7733,3
7734,6
7735,0
7736,1
7737,9
7738,2
7739,2
7740,6
7741,1
7742,4
7743,6
7744,2
7745,5
7746,7
7747,8
7748,8
7749,5
7750,6
7751,4
7752,3
7753,2
7754,3
7755,4
7756,4
7757,4
7758,8
7759,9
7760,2
7761,6
7762,0
7763,9
7764,7
7765,9
7766,0
7767,7
7768,7
7769,3
7770,8
7771,2
7772,9
7773,3
7774,3
7775,7
7776,5
7777,8
7778,7
7779,3
7780,7
7781,0
7782,7
7783,1
7784,6
7785,2
7786,4
7787,0
7788,0
7789,2
7790,9
7791,8
7792,2
7793,8
7794,0
7795,7
7796,5
7797,5
7798,0
7799,1
7800,2
7801,9
7802,6
7803,1
7804,0
7805,1
7806,0
7807,6
7808,3
7809,5
7810,5
7811,7
7812,4
7813,4
7814,8
7815,5
7816,3
7817,3
7818,7
7819,2
7820,5
7821,8
7822,3
7823,5
7824,7
7825,3
7826,7
7827,0
7828,5
7829,4
7830,3
7831,6
7832,9
7833,3
7834,5
7835,0
7836,8
7837,2
7838,4
7839,9
7840,2
7841,4
7842,7
7843,6
7844,0
7845,5
7846,5
7847,8
7848,4
7849,3
7850,6
7851,1
7852,3
7853,5
7854,4
7855,7
7856,5
7857,0
7858,7
7859,2
7860,0
7861,1
7862,2
7863,4
7864,9
7865,6
7866,4
7867,5
7868,9
7869,7
7870,7
7871,6
7872,7
7873,4
7874,3
7875,1
7876,6
7877,9
7878,4
7879,8
7880,0
7881,5
7882,9
7883,6
7884,4
7885,4
7886,5
7887,1
7888,4
7889,6
7890,3
7891,0
7892,8
7893,9
7894,7
7895,6
7896,8
7897,4
7898,8
7899,1
7900,2
7901,5
7902,9
7903,4
7904,7
7905,1
7906,4
7907,3
7908,4
7909,1
7910,3
7911,6
7912,4
7913,7
7914,1
7915,5
7916,9
7917,2
7918,1
7919,4
7920,8
7921,7
7922,7
7923,0
7924,2
7925,3
7926,4
7927,2
7928,7
7929,7
7930,5
7931,4
7932,4
7933,4
7934,3
7935,6
7936,6
7937,1
7938,9
7939,9
7940,6
7941,9
7942,4
7943,3
7944,2
7945,9
7946,8
7947,5
7948,0
7949,6
7950,9
7951,0
7952,9
7953,7
7954,8
7955,5
7956,4
7957,4
7958,9
7959,4
7960,6
7961,6
7962,6
7963,9
7964,9
7965,7
7966,9
7967,9
7968,0
7969,5
7970,1
7971,1
7972,8
7973,6
7974,9
7975,9
7976,5
7977,6
7978,5
7979,5
7980,9
7981,7
7982,9
7983,4
7984,5
7985,4
7986,3
7987,3
7988,9
7989,8
7990,8
7991,5
7992,7
7993,8
7994,4
7995,0
7996,2
7997,0
7998,7
7999,2
8000,8
8001,0
8002,2
8003,0
8004,7
8005,4
8006,0
8007,6
8008,3
8009,3
8010,6
8011,7
8012,4
8013,6
8014,4
8015,8
8016,4
8017,9
8018,5
8019,6
8020,6
8021,3
8022,0
8023,5
8024,2
8025,3
8026,3
8027,3
8028,8
8029,0
8030,8
8031,5
8032,4
8033,2
8034,9
8035,5
8036,0
8037,5
8038,4
8039,8
8040,7
8041,7
8042,6
8043,2
8044,7
8045,8
8046,2
8047,0
8048,1
8049,8
8050,2
8051,4
8052,8
8053,4
8054,3
8055,0
8056,4
8057,0
8058,1
8059,9
8060,3
8061,0
8062,3
8063,4
8064,3
8065,5
8066,2
8067,8
8068,3
8069,0
8070,9
8071,7
8072,5
8073,2
8074,4
8075,3
8076,7
8077,8
8078,2
8079,3
8080,1
8081,0
8082,0
8083,9
8084,1
8085,3
8086,1
8087,4
8088,6
8089,7
8090,1
8091,0
8092,5
8093,2
8094,5
8095,9
8096,2
8097,5
8098,6
8099,7
8100,1
8101,9
8102,3
8103,6
8104,1
8105,0
8106,2
8107,9
8108,4
8109,2
8110,9
8111,5
8112,8
8113,2
8114,9
8115,8
8116,5
8117,1
8118,2
8119,1
8120,5
8121,2
8122,3
8123,6
8124,8
8125,8
8126,3
8127,5
8128,0
8129,4
8130,1
8131,3
8132,7
8133,0
8134,3
8135,5
8136,9
8137,2
8138,3
8139,9
8140,9
8141,8
8142,7
8143,9
8144,5
8145,3
8146,1
8147,9
8148,4
8149,7
8150,1
8151,4
8152,6
8153,4
8154,4
8155,8
8156,9
8157,0
8158,7
8159,1
8160,2
8161,4
8162,0
8163,3
8164,7
8165,5
8166,1
8167,9
8168,3
8169,4
8170,2
8171,4
8172,1
8173,1
8174,5
8175,5
8176,9
8177,2
8178,7
8179,8
8180,0
8181,8
8182,1
8183,5
8184,1
8185,5
8186,9
8187,0
8188,9
8189,2
8190,4
8191,0
8192,6
8193,9
8194,1
8195,1
8196,3
8197,4
8198,9
8199,5
8200,3
8201,3
8202,6
8203,3
8204,4
8205,1
8206,5
8207,9
8208,8
8209,7
8210,2
8211,8
8212,7
8213,6
8214,5
8215,2
8216,5
8217,8
8218,9
8219,7
8220,2
8221,0
8222,0
8223,7
8224,5
8225,3
8226,5
8227,7
8228,4
8229,6
8230,2
8231,8
8232,2
8233,7
8234,7
8235,6
8236,1
8237,3
8238,8
8239,6
8240,2
8241,0
8242,4
8243,4
8244,8
8245,6
8246,4
8247,0
8248,2
8249,5
8250,4
8251,1
8252,2
8253,4
8254,4
8255,6
8256,9
8257,3
8258,0
8259,5
8260,2
8261,0
8262,8
8263,2
8264,6
8265,4
8266,7
8267,9
8268,5
8269,7
8270,3
8271,5
8272,2
8273,1
8274,9
8275,9
8276,7
8277,2
8278,5
8279,1
8280,3
8281,1
8282,6
8283,5
8284,0
8285,8
8286,8
8287,5
8288,6
8289,9
8290,9
8291,9
8292,6
8293,3
8294,0
8295,8
8296,8
8297,5
8298,3
8299,7
8300,1
8301,1
8302,0
8303,7
8304,0
8305,3
8306,0
8307,4
8308,4
8309,6
8310,5
8311,3
8312,2
8313,9
8314,6
8315,6
8316,7
8317,9
8318,7
8319,7
8320,0
8321,8
8322,4
8323,2
8324,7
8325,7
8326,7
8327,4
8328,0
8329,1
8330,6
8331,0
8332,5
8333,3
8334,0
8335,2
8336,4
8337,9
8338,7
8339,3
8340,3
8341,2
8342,8
8343,8
8344,5
8345,3
8346,8
8347,0
8348,8
8349,0
8350,0
8351,0
8352,2
8353,2
8354,9
8355,0
8356,7
8357,7
8358,7
8359,2
8360,2
8361,0
8362,4
8363,0
8364,3
8365,7
8366,8
8367,4
8368,7
8369,9
8370,6
8371,1
8372,1
8373,6
8374,9
8375,3
8376,8
8377,9
8378,5
8379,8
8380,3
8381,9
8382,5
8383,3
8384,7
8385,5
8386,4
8387,2
8388,7
8389,5
8390,7
8391,9
8392,6
8393,3
8394,0
8395,8
8396,4
8397,5
8398,6
8399,1
8400,0
8401,7
8402,8
8403,4
8404,7
8405,1
8406,3
8407,2
8408,0
8409,9
8410,1
8411,8
8412,9
8413,6
8414,8
8415,1
8416,7
8417,1
8418,0
8419,9
8420,7
8421,6
8422,4
8423,5
8424,8
8425,2
8426,1
8427,2
8428,6
8429,3
8430,1
8431,1
8432,8
8433,8
8434,8
8435,9
8436,8
8437,0
8438,6
8439,4
8440,2
8441,5
8442,6
8443,2
8444,3
8445,1
8446,4
8447,4
8448,7
8449,8
8450,0
8451,1
8452,4
8453,8
8454,4
8455,6
8456,2
8457,2
8458,2
8459,6
8460,3
8461,4
8462,0
8463,8
8464,1
8465,3
8466,8
8467,3
8468,8
8469,9
8470,1
8471,6
8472,1
8473,9
8474,8
8475,2
8476,0
8477,4
8478,7
8479,4
8480,2
8481,0
8482,7
8483,6
8484,8
8485,9
8486,8
8487,6
8488,2
8489,8
8490,8
8491,0
8492,1
8493,1
8494,0
8495,7
8496,7
8497,4
8498,4
8499,5
8500,7
8501,2
8502,6
8503,6
8504,7
8505,4
8506,5
8507,4
8508,0
8509,9
8510,4
8511,7
8512,2
8513,7
8514,3
8515,2
8516,2
8517,7
8518,6
8519,2
8520,6
8521,4
8522,1
8523,4
8524,8
8525,3
8526,8
8527,5
8528,5
8529,2
8530,3
8531,4
8532,7
8533,9
8534,7
8535,5
8536,1
8537,5
8538,2
8539,7
8540,8
8541,8
8542,9
8543,8
8544,0
8545,0
8546,2
8547,6
8548,0
8549,8
8550,1
8551,4
8552,1
8553,3
8554,5
8555,1
8556,8
8557,9
8558,6
8559,2
8560,6
8561,9
8562,9
8563,6
8564,7
8565,9
8566,1
8567,4
8568,2
8569,8
8570,9
8571,5
8572,4
8573,7
8574,0
8575,3
8576,7
8577,1
8578,6
8579,9
8580,0
8581,1
8582,4
8583,0
8584,5
8585,1
8586,6
8587,3
8588,8
8589,2
8590,7
8591,5
8592,5
8593,2
8594,8
8595,2
8596,2
8597,1
8598,6
8599,2
8600,7
8601,0
8602,8
8603,9
8604,2
8605,6
8606,4
8607,7
8608,5
8609,5
8610,8
8611,8
8612,7
8613,8
8614,5
8615,7
8616,4
8617,4
8618,0
8619,0
8620,7
8621,0
8622,4
8623,0
8624,4
8625,4
8626,2
8627,6
8628,4
8629,0
8630,7
8631,0
8632,7
8633,0
8634,4
8635,6
8636,2
8637,9
8638,1
8639,1
8640,3
8641,0
8642,9
8643,1
8644,0
8645,6
8646,4
8647,3
8648,0
8649,9
8650,0
8651,6
8652,2
8653,2
8654,4
8655,1
8656,3
8657,7
8658,6
8659,1
8660,0
8661,4
8662,6
8663,0
8664,4
8665,4
8666,2
8667,7
8668,6
8669,4
8670,3
8671,5
8672,9
8673,4
8674,5
8675,2
8676,0
8677,5
8678,7
8679,2
8680,5
8681,9
8682,4
8683,5
8684,8
8685,1
8686,9
8687,3
8688,1
8689,8
8690,5
8691,8
8692,6
8693,6
8694,3
8695,4
8696,0
8697,5
8698,3
8699,2
8700,6
8701,1
8702,8
8703,2
8704,1
8705,3
8706,3
8707,2
8708,2
8709,3
8710,3
8711,5
8712,0
8713,2
8714,1
8715,2
8716,8
8717,0
8718,8
8719,2
8720,2
8721,7
8722,3
8723,5
8724,9
8725,8
8726,3
8727,6
8728,1
8729,0
8730,2
8731,6
8732,3
8733,5
8734,8
8735,9
8736,4
8737,8
8738,0
8739,0
8740,2
8741,9
8742,1
8743,8
8744,3
8745,7
8746,2
8747,8
8748,2
8749,9
8750,4
8751,8
8752,9
8753,6
8754,8
8755,9
8756,5
8757,4
8758,8
8759,9
8760,5
8761,5
8762,7
8763,2
8764,9
8765,9
8766,8
8767,1
8768,2
8769,3
8770,1
8771,5
8772,0
8773,2
8774,3
8775,0
8776,8
8777,2
8778,2
8779,8
8780,7
8781,6
8782,5
8783,3
8784,9
8785,6
8786,3
8787,5
8788,1
8789,1
8790,7
8791,7
8792,8
8793,3
8794,8
8795,9
8796,6
8797,0
8798,8
8799,8
8800,3
8801,6
8802,4
8803,6
8804,9
8805,1
8806,1
8807,7
8808,0
8809,6
8810,8
8811,9
8812,0
8813,6
8814,9
8815,0
8816,1
8817,1
8818,7
8819,2
8820,1
8821,0
8822,4
8823,5
8824,0
8825,3
8826,6
8827,3
8828,3
8829,8
8830,1
8831,8
8832,1
8833,6
8834,1
8835,5
8836,4
8837,5
8838,1
8839,8
8840,9
8841,1
8842,3
8843,1
8844,7
8845,2
8846,9
8847,8
8848,9
8849,4
8850,6
8851,0
8852,9
8853,4
8854,2
8855,4
8856,6
8857,2
8858,1
8859,6
8860,2
8861,0
8862,5
8863,6
8864,0
8865,3
8866,4
8867,6
8868,9
8869,3
8870,7
8871,7
8872,6
8873,3
8874,6
8875,5
8876,7
8877,8
8878,5
8879,1
8880,2
8881,2
8882,9
8883,7
8884,0
8885,2
8886,1
8887,4
8888,4
8889,5
8890,5
8891,9
8892,6
8893,3
8894,6
8895,2
8896,6
8897,9
8898,3
8899,2
8900,3
8901,9
8902,4
8903,9
8904,5
8905,2
8906,1
8907,6
8908,6
8909,4
8910,7
8911,6
8912,7
8913,3
8914,8
8915,1
8916,3
8917,6
8918,4
8919,4
8920,5
8921,6
8922,2
8923,0
8924,5
8925,2
8926,7
8927,5
8928,2
8929,5
8930,2
8931,5
8932,9
8933,0
8934,6
8935,7
8936,9
8937,8
8938,3
8939,2
8940,1
8941,3
8942,3
8943,4
8944,5
8945,3
8946,6
8947,8
8948,6
8949,0
8950,8
8951,9
8952,8
8953,0
8954,0
8955,7
8956,6
8957,6
8958,0
8959,5
8960,9
8961,8
8962,7
8963,9
8964,5
8965,3
8966,0
8967,4
8968,8
8969,2
8970,2
8971,9
8972,1
8973,5
8974,9
8975,8
8976,3
8977,7
8978,4
8979,4
8980,0
8981,2
8982,1
8983,9
8984,1
8985,9
8986,5
8987,8
8988,4
8989,7
8990,3
8991,1
8992,4
8993,5
8994,3
8995,1
8996,0
8997,7
8998,8
8999,8
9000,8
9001,1
9002,3
9003,7
9004,3
9005,9
9006,6
9007,9
9008,1
9009,6
9010,0
9011,7
9012,7
9013,1
9014,3
9015,3
9016,3
9017,1
9018,0
9019,2
9020,7
9021,1
9022,2
9023,2
9024,9
9025,6
9026,3
9027,5
9028,9
9029,4
9030,8
9031,0
9032,4
9033,8
9034,0
9035,1
9036,3
9037,7
9038,0
9039,4
9040,7
9041,0
9042,8
9043,6
9044,4
9045,3
9046,9
9047,8
9048,2
9049,2
9050,8
9051,3
9052,1
9053,1
9054,2
9055,8
9056,2
9057,6
9058,9
9059,4
9060,8
9061,4
9062,4
9063,1
9064,5
9065,2
9066,6
9067,9
9068,0
9069,0
9070,7
9071,1
9072,8
9073,9
9074,3
9075,9
9076,9
9077,0
9078,7
9079,7
9080,3
9081,4
9082,2
9083,6
9084,4
9085,5
9086,7
9087,7
9088,8
9089,7
9090,2
9091,6
9092,2
9093,2
9094,4
9095,4
9096,0
9097,7
9098,1
9099,5
9100,3
9101,6
9102,0
9103,0
9104,2
9105,3
9106,8
9107,6
9108,2
9109,4
9110,3
9111,5
9112,2
9113,9
9114,1
9115,0
9116,0
9117,3
9118,5
9119,7
9120,7
9121,9
9122,9
9123,6
9124,5
9125,5
9126,0
9127,2
9128,7
9129,1
9130,6
9131,6
9132,4
9133,1
9134,4
9135,4
9136,1
9137,5
9138,0
9139,0
9140,4
9141,5
9142,8
9143,2
9144,8
9145,3
9146,0
9147,5
9148,0
9149,5
9150,6
9151,1
9152,6
9153,7
9154,0
9155,9
9156,1
9157,5
9158,7
9159,6
9160,5
9161,7
9162,5
9163,6
9164,0
9165,0
9166,1
9167,7
9168,3
9169,1
9170,9
9171,2
9172,4
9173,1
9174,3
9175,7
9176,8
9177,0
9178,0
9179,9
9180,6
9181,6
9182,0
9183,6
9184,5
9185,8
9186,2
9187,7
9188,4
9189,0
9190,2
9191,7
9192,7
9193,8
9194,8
9195,7
9196,0
9197,4
9198,9
9199,1
9200,4
9201,4
9202,5
9203,7
9204,4
9205,6
9206,2
9207,3
9208,1
9209,0
9210,3
9211,3
9212,3
9213,6
9214,5
9215,1
9216,2
9217,2
9218,9
9219,7
9220,9
9221,3
9222,8
9223,7
9224,3
9225,1
9226,7
9227,7
9228,3
9229,2
9230,2
9231,8
9232,9
9233,5
9234,9
9235,6
9236,9
9237,7
9238,4
9239,4
9240,0
9241,3
9242,3
9243,1
9244,5
9245,4
9246,2
9247,8
9248,4
9249,9
9250,8
9251,7
9252,8
9253,4
9254,2
9255,3
9256,4
9257,0
9258,5
9259,4
9260,1
9261,8
9262,2
9263,5
9264,4
9265,7
9266,2
9267,5
9268,3
9269,7
9270,9
9271,7
9272,1
9273,4
9274,9
9275,5
9276,1
9277,4
9278,5
9279,5
9280,1
9281,7
9282,1
9283,3
9284,0
9285,1
9286,2
9287,3
9288,7
9289,0
9290,6
9291,3
9292,5
9293,7
9294,5
9295,5
9296,8
9297,9
9298,4
9299,6
9300,3
9301,6
9302,6
9303,8
9304,2
9305,6
9306,4
9307,8
9308,4
9309,1
9310,3
9311,9
9312,2
9313,3
9314,3
9315,0
9316,1
9317,6
9318,4
9319,2
9320,8
9321,2
9322,4
9323,3
9324,1
9325,4
9326,4
9327,4
9328,4
9329,1
9330,5
9331,5
9332,7
9333,6
9334,5
9335,4
9336,5
9337,6
9338,5
9339,6
9340,2
9341,4
9342,7
9343,7
9344,4
9345,6
9346,5
9347,0
9348,2
9349,3
9350,9
9351,2
9352,3
9353,8
9354,0
9355,7
9356,2
9357,6
9358,8
9359,1
9360,2
9361,8
9362,9
9363,1
9364,5
9365,4
9366,2
9367,3
9368,5
9369,5
9370,3
9371,6
9372,5
9373,0
9374,3
9375,3
9376,1
9377,3
9378,3
9379,7
9380,7
9381,4
9382,9
9383,4
9384,5
9385,9
9386,5
9387,1
9388,7
9389,6
9390,6
9391,4
9392,8
9393,5
9394,1
9395,2
9396,8
9397,4
9398,2
9399,3
9400,3
9401,3
9402,9
9403,4
9404,8
9405,7
9406,7
9407,9
9408,5
9409,8
9410,4
9411,5
9412,9
9413,1
9414,8
9415,3
9416,1
9417,3
9418,8
9419,0
9420,5
9421,5
9422,4
9423,6
9424,9
9425,2
9426,7
9427,2
9428,0
9429,7
9430,2
9431,9
9432,7
9433,5
9434,0
9435,7
9436,0
9437,3
9438,5
9439,5
9440,3
9441,8
9442,7
9443,7
9444,9
9445,6
9446,6
9447,8
9448,9
9449,6
9450,1
9451,9
9452,4
9453,0
9454,0
9455,9
9456,7
9457,2
9458,2
9459,8
9460,5
9461,9
9462,8
9463,2
9464,8
9465,0
9466,6
9467,6
9468,8
9469,3
9470,9
9471,9
9472,1
9473,1
9474,5
9475,3
9476,5
9477,0
9478,7
9479,6
9480,1
9481,4
9482,4
9483,1
9484,1
9485,8
9486,1
9487,1
9488,2
9489,3
9490,4
9491,0
9492,9
9493,5
9494,2
9495,7
9496,4
9497,3
9498,6
9499,9
9500,6
9501,9
9502,8
9503,8
9504,4
9505,7
9506,4
9507,7
9508,2
9509,3
9510,8
9511,0
9512,9
9513,0
9514,7
9515,8
9516,1
9517,2
9518,3
9519,2
9520,4
9521,2
9522,9
9523,0
9524,3
9525,8
9526,9
9527,6
9528,5
9529,5
9530,2
9531,4
9532,1
9533,0
9534,6
9535,1
9536,1
9537,4
9538,5
9539,5
9540,5
9541,0
9542,8
9543,9
9544,0
9545,3
9546,7
9547,9
9548,6
9549,3
9550,4
9551,6
9552,4
9553,9
9554,7
9555,1
9556,0
9557,5
9558,2
9559,1
9560,0
9561,3
9562,2
9563,9
9564,8
9565,1
9566,9
9567,7
9568,7
9569,3
9570,1
9571,4
9572,1
9573,1
9574,3
9575,8
9576,8
9577,1
9578,1
9579,3
9580,8
9581,9
9582,5
9583,1
9584,1
9585,6
9586,2
9587,7
9588,2
9589,6
9590,4
9591,6
9592,9
9593,6
9594,0
9595,1
9596,5
9597,9
9598,3
9599,8
9600,1
9601,8
9602,2
9603,9
9604,1
9605,4
9606,6
9607,0
9608,5
9609,0
9610,7
9611,4
9612,7
9613,9
9614,4
9615,5
9616,0
9617,2
9618,3
9619,3
9620,3
9621,8
9622,9
9623,1
9624,2
9625,7
9626,1
9627,3
9628,4
9629,6
9630,9
9631,1
9632,0
9633,7
9634,1
9635,9
9636,5
9637,8
9638,1
9639,9
9640,9
9641,7
9642,9
9643,8
9644,3
9645,0
9646,2
9647,6
9648,0
9649,2
9650,2
9651,4
9652,0
9653,8
9654,4
9655,8
9656,1
9657,3
9658,7
9659,2
9660,7
9661,9
9662,5
9663,2
9664,2
9665,9
9666,2
9667,6
9668,5
9669,7
9670,2
9671,5
9672,6
9673,3
9674,9
9675,8
9676,2
9677,6
9678,8
9679,6
9680,3
9681,0
9682,8
9683,0
9684,0
9685,9
9686,9
9687,5
9688,8
9689,0
9690,6
9691,6
9692,0
9693,7
9694,9
9695,8
9696,0
9697,5
9698,0
9699,9
9700,6
9701,0
9702,4
9703,7
9704,1
9705,7
9706,8
9707,8
9708,2
9709,3
9710,9
9711,4
9712,5
9713,5
9714,3
9715,1
9716,5
9717,9
9718,0
9719,2
9720,5
9721,2
9722,7
9723,3
9724,8
9725,4
9726,4
9727,6
9728,1
9729,9
9730,4
9731,1
9732,7
9733,0
9734,1
9735,4
9736,5
9737,0
9738,2
9739,9
9740,4
9741,5
9742,0
9743,3
9744,1
9745,7
9746,2
9747,3
9748,0
9749,1
9750,3
9751,7
9752,9
9753,9
9754,0
9755,7
9756,5
9757,6
9758,7
9759,1
9760,0
9761,4
9762,7
9763,3
9764,6
9765,8
9766,4
9767,9
9768,8
9769,4
9770,9
9771,2
9772,3
9773,4
9774,0
9775,2
9776,5
9777,6
9778,0
9779,3
9780,3
9781,5
9782,8
9783,3
9784,4
9785,4
9786,9
9787,5
9788,6
9789,3
9790,8
9791,6
9792,1
9793,8
9794,5
9795,5
9796,8
9797,6
9798,5
9799,9
9800,0
9801,4
9802,5
9803,0
9804,5
9805,9
9806,9
9807,3
9808,8
9809,0
9810,6
9811,0
9812,2
9813,3
9814,7
9815,0
9816,4
9817,6
9818,9
9819,1
9820,5
9821,2
9822,4
9823,7
9824,1
9825,3
9826,9
9827,5
9828,5
9829,2
9830,2
9831,2
9832,8
9833,8
9834,5
9835,0
9836,0
9837,7
9838,0
9839,4
9840,1
9841,6
9842,3
9843,0
9844,9
9845,2
9846,5
9847,7
9848,4
9849,2
9850,0
9851,0
9852,4
9853,3
9854,3
9855,2
9856,6
9857,4
9858,2
9859,7
9860,8
9861,0
9862,1
9863,0
9864,1
9865,3
9866,6
9867,4
9868,8
9869,0
9870,6
9871,0
9872,9
9873,1
9874,6
9875,2
9876,1
9877,0
9878,1
9879,3
9880,0
9881,4
9882,7
9883,9
9884,9
9885,3
9886,7
9887,5
9888,7
9889,1
9890,6
9891,6
9892,9
9893,1
9894,1
9895,4
9896,4
9897,2
9898,1
9899,7
9900,0
9901,1
9902,2
9903,1
9904,1
9905,3
9906,2
9907,6
9908,9
9909,9
9910,3
9911,2
9912,0
9913,8
9914,7
9915,3
9916,4
9917,6
9918,3
9919,6
9920,9
9921,4
9922,8
9923,9
9924,3
9925,0
9926,5
9927,7
9928,2
9929,0
9930,2
9931,9
9932,9
9933,3
9934,8
9935,7
9936,1
9937,1
9938,2
9939,2
9940,2
9941,3
9942,9
9943,1
9944,2
9945,6
9946,1
9947,3
9948,1
9949,8
9950,9
9951,2
9952,3
9953,1
9954,9
9955,9
9956,0
9957,4
9958,4
9959,5
9960,0
9961,3
9962,4
9963,7
9964,1
9965,7
9966,7
9967,1
9968,8
9969,6
9970,3
9971,5
9972,5
9973,1
9974,6
9975,2
9976,7
9977,8
9978,4
9979,3
9980,3
9981,5
9982,9
9983,8
9984,8
9985,5
9986,1
9987,0
9988,6
9989,7
9990,3
9991,9
9992,6
9993,2
9994,0
9995,8
9996,7
9997,1
9998,2
9999,6
10000,9
10001,1
10002,6
10003,4
10004,7
10005,1
10006,9
10007,0
10008,0
10009,3
10010,2
10011,8
10012,3
10013,8
10014,2
10015,8
10016,4
10017,0
10018,8
10019,3
10020,3
10021,1
10022,5
10023,3
10024,0
10025,5
10026,0
10027,4
10028,1
10029,7
10030,2
10031,0
10032,1
10033,5
10034,9
10035,1
10036,6
10037,1
10038,6
10039,1
10040,2
10041,8
10042,7
10043,0
10044,9
10045,5
10046,9
10047,0
10048,0
10049,1
10050,7
10051,9
10052,7
10053,1
10054,9
10055,2
10056,1
10057,9
10058,7
10059,3
10060,6
10061,0
10062,2
10063,0
10064,0
10065,9
10066,3
10067,8
10068,9
10069,4
10070,5
10071,4
10072,3
10073,0
10074,7
10075,8
10076,7
10077,3
10078,7
10079,3
10080,4
10081,6
10082,5
10083,9
10084,7
10085,2
10086,4
10087,2
10088,7
10089,9
10090,6
10091,7
10092,4
10093,7
10094,1
10095,2
10096,3
10097,1
10098,1
10099,3
10100,6
10101,8
10102,3
10103,7
10104,7
10105,0
10106,8
10107,1
10108,5
10109,2
10110,5
10111,5
10112,3
10113,6
10114,3
10115,3
10116,9
10117,8
10118,4
10119,6
10120,8
10121,0
10122,4
10123,1
10124,7
10125,8
10126,4
10127,9
10128,3
10129,2
10130,6
10131,3
10132,8
10133,8
10134,6
10135,5
10136,3
10137,8
10138,9
10139,1
10140,5
10141,3
10142,7
10143,9
10144,9
10145,9
10146,8
10147,5
10148,9
10149,9
10150,6
10151,8
10152,8
10153,3
10154,8
10155,1
10156,0
10157,1
10158,8
10159,8
10160,6
10161,5
10162,9
10163,0
10164,6
10165,1
10166,6
10167,6
10168,6
10169,3
10170,5
10171,6
10172,5
10173,5
10174,3
10175,3
10176,6
10177,9
10178,9
10179,4
10180,2
10181,3
10182,8
10183,3
10184,6
10185,0
10186,8
10187,5
10188,7
10189,8
10190,4
10191,6
10192,5
10193,5
10194,1
10195,8
10196,9
10197,8
10198,2
10199,7
10200,3
10201,3
10202,5
10203,3
10204,3
10205,2
10206,7
10207,7
10208,8
10209,4
10210,0
10211,5
10212,3
10213,6
10214,1
10215,1
10216,3
10217,9
10218,9
10219,2
10220,6
10221,7
10222,8
10223,8
10224,3
10225,9
10226,1
10227,7
10228,8
10229,8
10230,0
10231,4
10232,2
10233,4
10234,8
10235,7
10236,3
10237,7
10238,1
10239,8
10240,7
10241,3
10242,5
10243,4
10244,4
10245,3
10246,8
10247,6
10248,1
10249,1
10250,6
10251,3
10252,2
10253,2
10254,8
10255,9
10256,8
10257,3
10258,3
10259,8
10260,1
10261,1
10262,0
10263,5
10264,2
10265,0
10266,5
10267,0
10268,4
10269,6
10270,6
10271,3
10272,1
10273,6
10274,6
10275,7
10276,0
10277,4
10278,8
10279,3
10280,4
10281,5
10282,1
10283,1
10284,2
10285,9
10286,7
10287,8
10288,5
10289,5
10290,8
10291,6
10292,9
10293,0
10294,8
10295,3
10296,2
10297,1
10298,3
10299,3
10300,5
10301,4
10302,3
10303,8
10304,1
10305,4
10306,6
10307,4
10308,2
10309,4
10310,5
10311,8
10312,9
10313,6
10314,2
10315,6
10316,5
10317,5
10318,2
10319,7
10320,7
10321,4
10322,4
10323,9
10324,3
10325,2
10326,4
10327,7
10328,7
10329,8
10330,5
10331,3
10332,9
10333,1
10334,6
10335,7
10336,3
10337,3
10338,3
10339,8
10340,5
10341,6
10342,1
10343,3
10344,7
10345,9
10346,6
10347,1
10348,3
10349,4
10350,9
10351,0
10352,5
10353,7
10354,4
10355,9
10356,1
10357,0
10358,0
10359,2
10360,7
10361,8
10362,5
10363,2
10364,2
10365,6
10366,1
10367,6
10368,6
10369,4
10370,4
10371,2
10372,1
10373,8
10374,4
10375,4
10376,7
10377,8
10378,5
10379,8
10380,9
10381,3
10382,3
10383,2
10384,2
10385,9
10386,3
10387,0
10388,1
10389,1
10390,1
10391,1
10392,6
10393,8
10394,7
10395,1
10396,3
10397,0
10398,4
10399,5
10400,0
10401,3
10402,0
10403,6
10404,2
10405,4
10406,9
10407,8
10408,6
10409,8
10410,5
10411,8
10412,2
10413,0
10414,6
10415,0
10416,6
10417,1
10418,8
10419,7
10420,6
10421,2
10422,2
10423,6
10424,5
10425,6
10426,9
10427,2
10428,4
10429,4
10430,9
10431,0
10432,3
10433,3
10434,9
10435,3
10436,5
10437,7
10438,1
10439,8
10440,3
10441,8
10442,6
10443,2
10444,5
10445,1
10446,3
10447,0
10448,3
10449,1
10450,9
10451,7
10452,4
10453,9
10454,2
10455,1
10456,4
10457,4
10458,5
10459,9
10460,8
10461,7
10462,2
10463,1
10464,6
10465,1
10466,7
10467,3
10468,6
10469,3
10470,8
10471,0
10472,2
10473,2
10474,4
10475,9
10476,4
10477,5
10478,5
10479,4
10480,2
10481,3
10482,1
10483,0
10484,2
10485,0
10486,4
10487,4
10488,9
10489,1
10490,3
10491,3
10492,0
10493,2
10494,1
10495,1
10496,0
10497,4
10498,1
10499,9
10500,4
10501,8
10502,1
10503,1
10504,1
10505,5
10506,9
10507,0
10508,1
10509,6
10510,7
10511,2
10512,9
10513,9
10514,7
10515,8
10516,8
10517,1
10518,8
10519,7
10520,8
10521,8
10522,1
10523,6
10524,6
10525,3
10526,3
10527,1
10528,3
10529,0
10530,8
10531,8
10532,3
10533,6
10534,6
10535,7
10536,1
10537,0
10538,7
10539,6
10540,4
10541,8
10542,3
10543,0
10544,6
10545,6
10546,8
10547,6
10548,3
10549,9
10550,1
10551,8
10552,6
10553,7
10554,0
10555,5
10556,4
10557,3
10558,2
10559,3
10560,7
10561,8
10562,2
10563,0
10564,1
10565,7
10566,4
10567,8
10568,7
10569,6
10570,6
10571,7
10572,0
10573,0
10574,4
10575,9
10576,0
10577,6
10578,5
10579,1
10580,5
10581,8
10582,6
10583,8
10584,1
10585,9
10586,2
10587,7
10588,6
10589,5
10590,0
10591,6
10592,0
10593,1
10594,3
10595,1
10596,1
10597,5
10598,6
10599,4
10600,3
10601,3
10602,8
10603,1
10604,5
10605,6
10606,1
10607,8
10608,8
10609,6
10610,2
10611,7
10612,4
10613,6
10614,8
10615,9
10616,6
10617,5
10618,5
10619,7
10620,3
10621,1
10622,4
10623,1
10624,9
10625,5
10626,1
10627,7
10628,7
10629,7
10630,5
10631,2
10632,3
10633,2
10634,6
10635,6
10636,6
10637,4
10638,0
10639,7
10640,1
10641,7
10642,3
10643,0
10644,1
10645,1
10646,7
10647,4
10648,1
10649,2
10650,4
10651,4
10652,9
10653,8
10654,2
10655,8
10656,7
10657,6
10658,3
10659,4
10660,7
10661,2
10662,3
10663,1
10664,5
10665,3
10666,0
10667,4
10668,3
10669,4
10670,9
10671,4
10672,7
10673,9
10674,1
10675,7
10676,8
10677,3
10678,1
10679,8
10680,3
10681,2
10682,5
10683,7
10684,2
10685,7
10686,9
10687,6
10688,8
10689,6
10690,8
10691,6
10692,5
10693,9
10694,0
10695,4
10696,8
10697,5
10698,6
10699,5
10700,3
10701,8
10702,0
10703,4
10704,8
10705,6
10706,7
10707,2
10708,7
10709,1
10710,7
10711,4
10712,1
10713,2
10714,4
10715,2
10716,2
10717,8
10718,7
10719,2
10720,2
10721,6
10722,7
10723,7
10724,6
10725,8
10726,9
10727,9
10728,5
10729,5
10730,2
10731,9
10732,8
10733,7
10734,2
10735,2
10736,3
10737,7
10738,4
10739,3
10740,2
10741,1
10742,9
10743,8
10744,1
10745,5
10746,3
10747,2
10748,6
10749,5
10750,9
10751,1
10752,5
10753,4
10754,3
10755,6
10756,2
10757,0
10758,9
10759,7
10760,8
10761,0
10762,8
10763,9
10764,1
10765,2
10766,5
10767,7
10768,2
10769,0
10770,6
10771,6
10772,1
10773,6
10774,7
10775,3
10776,5
10777,0
10778,0
10779,4
10780,4
10781,6
10782,2
10783,6
10784,4
10785,8
10786,3
10787,4
10788,5
10789,5
10790,0
10791,6
10792,6
10793,7
10794,5
10795,0
10796,9
10797,9
10798,6
10799,1
10800,0
10801,4
10802,6
10803,5
10804,3
10805,9
10806,2
10807,6
10808,6
10809,0
10810,2
10811,3
10812,0
10813,1
10814,9
10815,3
10816,7
10817,4
10818,3
10819,0
10820,2
10821,7
10822,6
10823,4
10824,3
10825,0
10826,8
10827,2
10828,0
10829,0
10830,9
10831,6
10832,6
10833,6
10834,8
10835,7
10836,4
10837,1
10838,8
10839,1
10840,2
10841,2
10842,4
10843,8
10844,5
10845,2
10846,6
10847,5
10848,7
10849,9
10850,9
10851,0
10852,7
10853,2
10854,2
10855,4
10856,0
10857,0
10858,6
10859,2
10860,2
10861,3
10862,0
10863,5
10864,9
10865,7
10866,1
10867,8
10868,4
10869,2
10870,5
10871,9
10872,8
10873,5
10874,7
10875,8
10876,0
10877,9
10878,8
10879,9
10880,1
10881,6
10882,3
10883,3
10884,0
10885,3
10886,4
10887,4
10888,8
10889,4
10890,8
10891,9
10892,8
10893,6
10894,0
10895,0
10896,8
10897,2
10898,0
10899,4
10900,2
10901,7
10902,6
10903,0
10904,5
10905,8
10906,4
10907,1
10908,9
10909,0
10910,1
10911,4
10912,4
10913,8
10914,4
10915,9
10916,6
10917,0
10918,7
10919,4
10920,6
10921,8
10922,9
10923,6
10924,2
10925,0
10926,4
10927,9
10928,4
10929,9
10930,3
10931,9
10932,7
10933,6
10934,7
10935,0
10936,9
10937,7
10938,1
10939,8
10940,7
10941,3
10942,6
10943,4
10944,4
10945,1
10946,9
10947,2
10948,6
10949,7
10950,9
10951,8
10952,3
10953,9
10954,2
10955,1
10956,2
10957,7
10958,6
10959,1
10960,0
10961,0
10962,5
10963,6
10964,0
10965,4
10966,3
10967,3
10968,8
10969,8
10970,0
10971,6
10972,9
10973,5
10974,2
10975,8
10976,3
10977,0
10978,6
10979,5
10980,9
10981,4
10982,4
10983,4
10984,6
10985,9
10986,6
10987,2
10988,2
10989,4
10990,1
10991,0
10992,5
10993,9
10994,8
10995,9
10996,3
10997,5
10998,9
10999,3
11000,8
11001,1
11002,6
11003,3
11004,7
11005,5
11006,6
11007,2
11008,0
11009,2
11010,8
11011,2
11012,8
11013,7
11014,7
11015,8
11016,1
11017,0
11018,8
11019,9
11020,7
11021,0
11022,3
11023,8
11024,0
11025,5
11026,9
11027,5
11028,8
11029,7
11030,2
11031,8
11032,9
11033,2
11034,2
11035,4
11036,7
11037,9
11038,2
11039,6
11040,2
11041,3
11042,1
11043,3
11044,2
11045,0
11046,0
11047,4
11048,0
11049,6
11050,5
11051,8
11052,0
11053,5
11054,8
11055,6
11056,4
11057,8
11058,5
11059,2
11060,9
11061,7
11062,9
11063,7
11064,1
11065,3
11066,1
11067,9
11068,6
11069,9
11070,2
11071,7
11072,9
11073,4
11074,4
11075,0
11076,6
11077,2
11078,4
11079,1
11080,5
11081,7
11082,2
11083,8
11084,5
11085,9
11086,0
11087,3
11088,2
11089,3
11090,2
11091,7
11092,6
11093,3
11094,2
11095,5
11096,9
11097,0
11098,5
11099,9
11100,9
11101,8
11102,7
11103,5
11104,4
11105,9
11106,6
11107,5
11108,2
11109,3
11110,1
11111,0
11112,4
11113,1
11114,8
11115,8
11116,4
11117,9
11118,4
11119,4
11120,5
11121,3
11122,1
11123,2
11124,0
11125,1
11126,1
11127,8
11128,4
11129,4
11130,8
11131,3
11132,2
11133,9
11134,5
11135,7
11136,6
11137,2
11138,5
11139,4
11140,7
11141,3
11142,3
11143,9
11144,0
11145,9
11146,5
11147,9
11148,5
11149,7
11150,6
11151,0
11152,4
11153,2
11154,2
11155,5
11156,6
11157,5
11158,8
11159,9
11160,5
11161,6
11162,1
11163,4
11164,5
11165,4
11166,6
11167,7
11168,2
11169,1
11170,0
11171,2
11172,0
11173,4
11174,9
11175,8
11176,8
11177,9
11178,1
11179,1
11180,5
11181,0
11182,0
11183,8
11184,7
11185,3
11186,7
11187,4
11188,5
11189,4
11190,4
11191,3
11192,2
11193,0
11194,6
11195,6
11196,0
11197,1
11198,3
11199,9
11200,8
11201,3
11202,7
11203,8
11204,9
11205,4
11206,8
11207,9
11208,0
11209,9
11210,7
11211,1
11212,6
11213,2
11214,9
11215,5
11216,6
11217,9
11218,4
11219,9
11220,8
11221,7
11222,7
11223,9
11224,6
11225,3
11226,3
11227,9
11228,3
11229,1
11230,2
11231,4
11232,1
11233,8
11234,2
11235,0
11236,9
11237,5
11238,9
11239,8
11240,8
11241,6
11242,7
11243,3
11244,7
11245,1
11246,3
11247,9
11248,0
11249,9
11250,3
11251,6
11252,7
11253,2
11254,5
11255,3
11256,0
11257,5
11258,9
11259,7
11260,3
11261,5
11262,0
11263,6
11264,5
11265,1
11266,8
11267,2
11268,7
11269,5
11270,9
11271,0
11272,0
11273,0
11274,8
11275,8
11276,7
11277,3
11278,7
11279,8
11280,9
11281,3
11282,7
11283,9
11284,7
11285,8
11286,7
11287,9
11288,8
11289,3
11290,4
11291,8
11292,7
11293,7
11294,6
11295,3
11296,8
11297,2
11298,1
11299,9
11300,3
11301,7
11302,3
11303,9
11304,5
11305,5
11306,8
11307,7
11308,3
11309,5
11310,3
11311,5
11312,9
11313,7
11314,6
11315,7
11316,4
11317,6
11318,4
11319,5
11320,9
11321,4
11322,2
11323,1
11324,9
11325,5
11326,0
11327,2
11328,6
11329,7
11330,4
11331,7
11332,9
11333,0
11334,7
11335,4
11336,5
11337,5
11338,3
11339,1
11340,1
11341,2
11342,6
11343,8
11344,3
11345,1
11346,5
11347,8
11348,5
11349,9
11350,6
11351,1
11352,1
11353,5
11354,0
11355,6
11356,0
11357,9
11358,2
11359,6
11360,5
11361,8
11362,9
11363,5
11364,5
11365,6
11366,2
11367,9
11368,1
11369,5
11370,8
11371,8
11372,7
11373,1
11374,7
11375,5
11376,5
11377,4
11378,9
11379,7
11380,5
11381,2
11382,9
11383,9
11384,4
11385,4
11386,4
11387,1
11388,3
11389,8
11390,7
11391,9
11392,0
11393,4
11394,5
11395,7
11396,5
11397,2
11398,8
11399,7
11400,6
11401,9
11402,6
11403,9
11404,3
11405,8
11406,5
11407,6
11408,6
11409,9
11410,5
11411,7
11412,8
11413,0
11414,3
11415,0
11416,7
11417,4
11418,8
11419,2
11420,5
11421,9
11422,5
11423,2
11424,2
11425,6
11426,2
11427,1
11428,7
11429,4
11430,6
11431,5
11432,1
11433,3
11434,2
11435,5
11436,1
11437,3
11438,7
11439,0
11440,8
11441,4
11442,4
11443,5
11444,7
11445,9
11446,5
11447,4
11448,3
11449,9
11450,3
11451,8
11452,2
11453,3
11454,3
11455,1
11456,6
11457,1
11458,7
11459,0
11460,3
11461,4
11462,2
11463,9
11464,4
11465,7
11466,8
11467,2
11468,7
11469,0
11470,9
11471,6
11472,8
11473,0
11474,8
11475,2
11476,8
11477,5
11478,7
11479,7
11480,2
11481,2
11482,0
11483,0
11484,0
11485,7
11486,4
11487,1
11488,6
11489,6
11490,8
11491,8
11492,9
11493,0
11494,9
11495,0
11496,1
11497,3
11498,3
11499,0
11500,9
11501,0
11502,6
11503,4
11504,6
11505,5
11506,4
11507,8
11508,8
11509,4
11510,1
11511,4
11512,0
11513,6
11514,2
11515,0
11516,9
11517,9
11518,1
11519,9
11520,1
11521,2
11522,5
11523,5
11524,4
11525,2
11526,9
11527,6
11528,0
11529,9
11530,6
11531,6
11532,8
11533,0
11534,6
11535,9
11536,4
11537,6
11538,8
11539,0
11540,5
11541,4
11542,1
11543,2
11544,0
11545,9
11546,6
11547,4
11548,2
11549,4
11550,6
11551,4
11552,9
11553,7
11554,7
11555,3
11556,6
11557,4
11558,0
11559,1
11560,9
11561,0
11562,3
11563,1
11564,9
11565,0
11566,9
11567,7
11568,8
11569,6
11570,7
11571,6
11572,8
11573,2
11574,4
11575,5
11576,3
11577,0
11578,3
11579,6
11580,1
11581,7
11582,5
11583,9
11584,3
11585,4
11586,5
11587,3
11588,1
11589,5
11590,3
11591,1
11592,1
11593,1
11594,9
11595,7
11596,5
11597,4
11598,9
11599,7
11600,8
11601,1
11602,0
11603,2
11604,8
11605,5
11606,6
11607,7
11608,0
11609,3
11610,4
11611,8
11612,4
11613,4
11614,6
11615,6
11616,5
11617,8
11618,1
11619,8
11620,4
11621,6
11622,3
11623,9
11624,2
11625,2
11626,1
11627,4
11628,9
11629,1
11630,6
11631,7
11632,2
11633,3
11634,1
11635,4
11636,6
11637,5
11638,2
11639,2
11640,5
11641,6
11642,0
11643,0
11644,0
11645,1
11646,3
11647,3
11648,3
11649,5
11650,8
11651,7
11652,5
11653,6
11654,5
11655,8
11656,0
11657,3
11658,9
11659,4
11660,6
11661,5
11662,1
11663,1
11664,0
11665,3
11666,5
11667,9
11668,4
11669,8
11670,1
11671,7
11672,7
11673,9
11674,9
11675,4
11676,3
11677,6
11678,3
11679,2
11680,8
11681,2
11682,7
11683,6
11684,7
11685,0
11686,2
11687,1
11688,2
11689,9
11690,4
11691,6
11692,9
11693,3
11694,1
11695,0
11696,1
11697,8
11698,7
11699,0
11700,0
11701,4
11702,7
11703,4
11704,5
11705,4
11706,9
11707,7
11708,9
11709,0
11710,7
11711,4
11712,5
11713,8
11714,1
11715,4
11716,7
11717,9
11718,9
11719,8
11720,8
11721,6
11722,3
11723,7
11724,0
11725,8
11726,9
11727,6
11728,2
11729,4
11730,3
11731,2
11732,9
11733,7
11734,7
11735,6
11736,8
11737,5
11738,6
11739,1
11740,3
11741,5
11742,0
11743,9
11744,1
11745,3
11746,0
11747,0
11748,3
11749,0
11750,2
11751,0
11752,7
11753,3
11754,9
11755,3
11756,5
11757,7
11758,6
11759,5
11760,9
11761,5
11762,6
11763,1
11764,2
11765,4
11766,0
11767,2
11768,7
11769,8
11770,4
11771,4
11772,0
11773,9
11774,5
11775,9
11776,2
11777,9
11778,3
11779,5
11780,2
11781,3
11782,2
11783,2
11784,8
11785,8
11786,6
11787,8
11788,1
11789,6
11790,8
11791,9
11792,8
11793,5
11794,0
11795,4
11796,9
11797,1
11798,5
11799,7
11800,1
11801,6
11802,0
11803,1
11804,5
11805,2
11806,8
11807,1
11808,1
11809,5
11810,8
11811,1
11812,8
11813,1
11814,8
11815,5
11816,1
11817,9
11818,0
11819,5
11820,0
11821,4
11822,0
11823,5
11824,1
11825,4
11826,0
11827,4
11828,9
11829,5
11830,1
11831,2
11832,5
11833,7
11834,8
11835,7
11836,2
11837,4
11838,5
11839,3
11840,7
11841,0
11842,4
11843,1
11844,5
11845,9
11846,8
11847,0
11848,2
11849,0
11850,7
11851,6
11852,0
11853,6
11854,9
11855,7
11856,5
11857,0
11858,4
11859,6
11860,0
11861,6
11862,3
11863,6
11864,8
11865,1
11866,1
11867,8
11868,9
11869,7
11870,2
11871,9
11872,0
11873,2
11874,2
11875,9
11876,0
11877,6
11878,5
11879,7
11880,7
11881,9
11882,1
11883,7
11884,9
11885,8
11886,4
11887,5
11888,0
11889,8
11890,0
11891,2
11892,5
11893,2
11894,1
11895,4
11896,4
11897,8
11898,9
11899,7
11900,8
11901,3
11902,6
11903,6
11904,0
11905,1
11906,1
11907,1
11908,8
11909,1
11910,7
11911,4
11912,0
11913,7
11914,8
11915,2
11916,1
11917,2
11918,7
11919,4
11920,6
11921,0
11922,5
11923,7
11924,4
11925,4
11926,3
11927,9
11928,4
11929,8
11930,3
11931,0
11932,8
11933,7
11934,4
11935,1
11936,8
11937,4
11938,9
11939,5
11940,4
11941,1
11942,7
11943,7
11944,7
11945,7
11946,0
11947,3
11948,8
11949,3
11950,3
11951,0
11952,5
11953,7
11954,0
11955,8
11956,0
11957,0
11958,9
11959,3
11960,2
11961,3
11962,4
11963,8
11964,2
11965,2
11966,6
11967,4
11968,5
11969,6
11970,2
11971,9
11972,4
11973,0
11974,1
11975,7
11976,5
11977,5
11978,7
11979,3
11980,0
11981,4
11982,6
11983,0
11984,7
11985,5
11986,8
11987,0
11988,8
11989,4
11990,7
11991,0
11992,3
11993,5
11994,3
11995,0
11996,3
11997,5
11998,1
11999,7
